図鑑番号,フォーム番号,ポケモン名,フォーム名,タイプ１,タイプ２,通常特性１,通常特性２,夢特性,HP,こうげき,ぼうぎょ,とくこう,とくぼう,すばやさ
1,1,フシギダネ,,くさ,どく,しんりょく,,ようりょくそ,45,49,49,65,65,45
2,1,フシギソウ,,くさ,どく,しんりょく,,ようりょくそ,60,62,63,80,80,60
3,1,フシギバナ,,くさ,どく,しんりょく,,ようりょくそ,80,82,83,100,100,80
3,2,フシギバナ,メガフシギバナ,くさ,どく,あついしぼう,,,80,100,123,122,120,80
4,1,ヒトカゲ,,ほのお,,もうか,,サンパワー,39,52,43,60,50,65
5,1,リザード,,ほのお,,もうか,,サンパワー,58,64,58,80,65,80
6,1,リザードン,,ほのお,ひこう,もうか,,サンパワー,78,84,78,109,85,100
6,2,リザードン,メガリザードンX,ほのお,ドラゴン,かたいツメ,,,78,130,111,130,85,100
6,3,リザードン,メガリザードンY,ほのお,ひこう,ひでり,,,78,104,78,159,115,100
7,1,ゼニガメ,,みず,,げきりゅう,,あめうけざら,44,48,65,50,64,43
8,1,カメール,,みず,,げきりゅう,,あめうけざら,59,63,80,65,80,58
9,1,カメックス,,みず,,げきりゅう,,あめうけざら,79,83,100,85,105,78
9,2,カメックス,メガカメックス,みず,,メガランチャー,,,79,103,120,135,115,78
10,1,キャタピー,,むし,,りんぷん,,にげあし,45,30,35,20,20,45
11,1,トランセル,,むし,,だっぴ,,,50,20,55,25,25,30
12,1,バタフリー,,むし,ひこう,ふくがん,,いろめがね,60,45,50,90,80,70
13,1,ビードル,,むし,どく,りんぷん,,にげあし,40,35,30,20,20,50
14,1,コクーン,,むし,どく,だっぴ,,,45,25,50,25,25,35
15,1,スピアー,,むし,どく,むしのしらせ,,スナイパー,65,90,40,45,80,75
15,2,スピアー,メガスピアー,むし,どく,てきおうりょく,,,65,150,40,15,80,145
16,1,ポッポ,,ノーマル,ひこう,するどいめ, ちどりあし,はとむね,40,45,40,35,35,56
17,1,ピジョン,,ノーマル,ひこう,するどいめ, ちどりあし,はとむね,63,60,55,50,50,71
18,1,ピジョット,,ノーマル,ひこう,するどいめ, ちどりあし,はとむね,83,80,75,70,70,101
18,2,ピジョット,メガピジョット,ノーマル,ひこう,ノーガード,,,83,80,80,135,80,121
19,1,コラッタ,,ノーマル,,にげあし, こんじょう,はりきり,30,56,35,25,35,72
19,2,コラッタ,アローラのすがた,あく,ノーマル,くいしんぼう, はりきり,あついしぼう,30,56,35,25,35,72
20,1,ラッタ,,ノーマル,,にげあし, こんじょう,はりきり,55,81,60,50,70,97
20,2,ラッタ,アローラのすがた,あく,ノーマル,くいしんぼう, はりきり,あついしぼう,75,71,70,40,80,77
21,1,オニスズメ,,ノーマル,ひこう,するどいめ,,スナイパー,40,60,30,31,31,70
22,1,オニドリル,,ノーマル,ひこう,するどいめ,,スナイパー,65,90,65,61,61,100
23,1,アーボ,,どく,,いかく, だっぴ,きんちょうかん,35,60,44,40,54,55
24,1,アーボック,,どく,,いかく, だっぴ,きんちょうかん,60,95,69,65,79,80
25,1,ピカチュウ,,でんき,,せいでんき,,ひらいしん,35,55,40,50,50,90
26,1,ライチュウ,,でんき,,せいでんき,,ひらいしん,60,90,55,90,80,110
26,2,ライチュウ,アローラのすがた,でんき,エスパー,サーフテール,,,60,85,50,95,85,110
27,1,サンド,,じめん,,すながくれ,,すなかき,50,75,85,20,30,40
27,2,サンド,アローラのすがた,こおり,はがね,ゆきがくれ,,ゆきかき,50,75,90,10,35,40
28,1,サンドパン,,じめん,,すながくれ,,すなかき,75,100,110,45,55,65
28,2,サンドパン,アローラのすがた,こおり,はがね,ゆきがくれ,,ゆきかき,75,100,120,25,65,65
29,1,ニドラン♀,,どく,,どくのトゲ, とうそうしん,はりきり,55,47,52,40,40,41
30,1,ニドリーナ,,どく,,どくのトゲ, とうそうしん,はりきり,70,62,67,55,55,56
31,1,ニドクイン,,どく,じめん,どくのトゲ, とうそうしん,ちからずく,90,92,87,75,85,76
32,1,ニドラン♂,,どく,,どくのトゲ, とうそうしん,はりきり,46,57,40,40,40,50
33,1,ニドリーノ,,どく,,どくのトゲ, とうそうしん,はりきり,61,72,57,55,55,65
34,1,ニドキング,,どく,じめん,どくのトゲ, とうそうしん,ちからずく,81,102,77,85,75,85
35,1,ピッピ,,フェアリー,,メロメロボディ, マジックガード,フレンドガード,70,45,48,60,65,35
36,1,ピクシー,,フェアリー,,メロメロボディ, マジックガード,てんねん,95,70,73,95,90,60
37,1,ロコン,,ほのお,,もらいび,,ひでり,38,41,40,50,65,65
37,2,ロコン,アローラのすがた,こおり,,ゆきがくれ,,ゆきふらし,38,41,40,50,65,65
38,1,キュウコン,,ほのお,,もらいび,,ひでり,73,76,75,81,100,100
38,2,キュウコン,アローラのすがた,こおり,フェアリー,ゆきがくれ,,ゆきふらし,73,67,75,81,100,109
39,1,プリン,,ノーマル,フェアリー,メロメロボディ, かちき,フレンドガード,115,45,20,45,25,20
40,1,プクリン,,ノーマル,フェアリー,メロメロボディ, かちき,おみとおし,140,70,45,85,50,45
41,1,ズバット,,どく,ひこう,せいしんりょく,,すりぬけ,40,45,35,30,40,55
42,1,ゴルバット,,どく,ひこう,せいしんりょく,,すりぬけ,75,80,70,65,75,90
43,1,ナゾノクサ,,くさ,どく,ようりょくそ,,にげあし,45,50,55,75,65,30
44,1,クサイハナ,,くさ,どく,ようりょくそ,,あくしゅう,60,65,70,85,75,40
45,1,ラフレシア,,くさ,どく,ようりょくそ,,ほうし,75,80,85,110,90,50
46,1,パラス,,むし,くさ,ほうし, かんそうはだ,しめりけ,35,70,55,45,55,25
47,1,パラセクト,,むし,くさ,ほうし, かんそうはだ,しめりけ,60,95,80,60,80,30
48,1,コンパン,,むし,どく,ふくがん, いろめがね,にげあし,60,55,50,40,55,45
49,1,モルフォン,,むし,どく,りんぷん, いろめがね,ミラクルスキン,70,65,60,90,75,90
50,1,ディグダ,,じめん,,すながくれ, ありじごく,すなのちから,10,55,25,35,45,95
50,2,ディグダ,アローラのすがた,じめん,はがね,すながくれ, カーリーヘアー,すなのちから,10,55,30,35,45,90
51,1,ダグトリオ,,じめん,,すながくれ, ありじごく,すなのちから,35,100,50,50,70,120
51,2,ダグドリオ,アローラのすがた,じめん,はがね,すながくれ, カーリーヘアー,すなのちから,35,100,60,50,70,110
52,1,ニャース,,ノーマル,,ものひろい, テクニシャン,きんちょうかん,40,45,35,40,40,90
52,2,ニャース,アローラのすがた,あく,,ものひろい, テクニシャン,びびり,40,35,35,50,40,90
52,3,ニャース,ガラルのすがた,はがね,,ものひろい,かたいツメ,きんちょうかん,50,65,55,40,40,40
53,1,ペルシアン,,ノーマル,,じゅうなん, テクニシャン,きんちょうかん,65,70,60,65,65,115
53,2,ペルシアン,アローラのすがた,あく,,ファーコート, テクニシャン,びびり,65,60,60,75,65,115
54,1,コダック,,みず,,しめりけ, ノーてんき,すいすい,50,52,48,65,50,55
55,1,ゴルダック,,みず,,しめりけ, ノーてんき,すいすい,80,82,78,95,80,85
56,1,マンキー,,かくとう,,やるき, いかりのつぼ,まけんき,40,80,35,35,45,70
57,1,オコリザル,,かくとう,,やるき, いかりのつぼ,まけんき,65,105,60,60,70,95
58,1,ガーディ,,ほのお,,いかく, もらいび,せいぎのこころ,55,70,45,70,50,60
58,2,ガーディ,ヒスイのすがた,ほのお,いわ,いかく,もらいび,せいぎのこころ,60,75,45,65,50,55
59,1,ウインディ,,ほのお,,いかく, もらいび,せいぎのこころ,90,110,80,100,80,95
59,2,ウインディ,ヒスイのすがた,ほのお,いわ,いかく,もらいび,せいぎのこころ,95,115,80,95,80,90
60,1,ニョロモ,,みず,,ちょすい, しめりけ,すいすい,40,50,40,40,40,90
61,1,ニョロゾ,,みず,,ちょすい, しめりけ,すいすい,65,65,65,50,50,90
62,1,ニョロボン,,みず,かくとう,ちょすい, しめりけ,すいすい,90,95,95,70,90,70
63,1,ケーシィ,,エスパー,,シンクロ, せいしんりょく,マジックガード,25,20,15,105,55,90
64,1,ユンゲラー,,エスパー,,シンクロ, せいしんりょく,マジックガード,40,35,30,120,70,105
65,1,フーディン,,エスパー,,シンクロ, せいしんりょく,マジックガード,55,50,45,135,95,120
65,2,フーディン,メガフーディン,エスパー,,トレース,,,55,50,65,175,105,150
66,1,ワンリキー,,かくとう,,こんじょう, ノーガード,ふくつのこころ,70,80,50,35,35,35
67,1,ゴーリキー,,かくとう,,こんじょう, ノーガード,ふくつのこころ,80,100,70,50,60,45
68,1,カイリキー,,かくとう,,こんじょう, ノーガード,ふくつのこころ,90,130,80,65,85,55
69,1,マダツボミ,,くさ,どく,ようりょくそ,,くいしんぼう,50,75,35,70,30,40
70,1,ウツドン,,くさ,どく,ようりょくそ,,くいしんぼう,65,90,50,85,45,55
71,1,ウツボット,,くさ,どく,ようりょくそ,,くいしんぼう,80,105,65,100,70,70
72,1,メノクラゲ,,みず,どく,クリアボディ, ヘドロえき,あめうけざら,40,40,35,50,100,70
73,1,ドククラゲ,,みず,どく,クリアボディ, ヘドロえき,あめうけざら,80,70,65,80,120,100
74,1,イシツブテ,,いわ,じめん,いしあたま, がんじょう,すながくれ,40,80,100,30,30,20
74,2,イシツブテ,アローラのすがた,いわ,でんき,じりょく, がんじょう,エレキスキン,40,80,100,30,30,20
75,1,ゴローン,,いわ,じめん,いしあたま, がんじょう,すながくれ,55,95,115,45,45,35
75,2,ゴローン,アローラのすがた,いわ,でんき,じりょく, がんじょう,エレキスキン,55,95,115,45,45,35
76,1,ゴローニャ,,いわ,じめん,いしあたま, がんじょう,すながくれ,80,120,130,55,65,45
76,2,ゴローニャ,アローラのすがた,いわ,でんき,じりょく, がんじょう,エレキスキン,80,120,130,55,65,45
77,1,ポニータ,,ほのお,,にげあし, もらいび,ほのおのからだ,50,85,55,65,65,90
77,2,ポニータ,ガラルのすがた,エスパー,,にげあし,パステルベール,きけんよち,50,85,55,65,65,90
78,1,ギャロップ,,ほのお,,にげあし, もらいび,ほのおのからだ,65,100,70,80,80,105
78,2,ギャロップ,ガラルのすがた,エスパー,フェアリー,にげあし,パステルベール,きけんよち,65,100,70,80,80,105
79,1,ヤドン,,みず,エスパー,どんかん, マイペース,さいせいりょく,90,65,65,40,40,15
80,1,ヤドラン,,みず,エスパー,どんかん, マイペース,さいせいりょく,95,75,110,100,80,30
80,2,ヤドラン,メガヤドラン,みず,エスパー,シェルアーマー,,,95,75,180,130,80,30
80,3,ヤドラン,ガラルのすがた,どく,エスパー,クイックドロウ,マイペース,さいせいりょく,95,100,95,100,70,30
81,1,コイル,,でんき,はがね,じりょく, がんじょう,アナライズ,25,35,70,95,55,45
82,1,レアコイル,,でんき,はがね,じりょく, がんじょう,アナライズ,50,60,95,120,70,70
83,1,カモネギ,,ノーマル,ひこう,するどいめ, せいしんりょく,まけんき,52,90,55,58,62,60
83,2,カモネギ,ガラルのすがた,かくとう,,ふくつのこころ,,きもったま,52,95,55,58,62,55
84,1,ドードー,,ノーマル,ひこう,にげあし, はやおき,ちどりあし,35,85,45,35,35,75
85,1,ドードリオ,,ノーマル,ひこう,にげあし, はやおき,ちどりあし,60,110,70,60,60,110
86,1,パウワウ,,みず,,あついしぼう, うるおいボディ,アイスボディ,65,45,55,45,70,45
87,1,ジュゴン,,みず,こおり,あついしぼう, うるおいボディ,アイスボディ,90,70,80,70,95,70
88,1,ベトベター,,どく,,あくしゅう, ねんちゃく,どくしゅ,80,80,50,40,50,25
88,2,ベトベター,アローラのすがた,どく,あく,どくしゅ, くいしんぼう,かがくのちから,80,80,50,40,50,25
89,1,ベトベトン,,どく,,あくしゅう, ねんちゃく,どくしゅ,105,105,75,65,100,50
89,2,ベトベトン,アローラのすがた,どく,あく,どくしゅ, くいしんぼう,かがくのちから,105,105,75,65,100,50
90,1,シェルダー,,みず,,シェルアーマー, スキルリンク,ぼうじん,30,65,100,45,25,40
91,1,パルシェン,,みず,こおり,シェルアーマー, スキルリンク,ぼうじん,50,95,180,85,45,70
92,1,ゴース,,ゴースト,どく,ふゆう,,,30,35,30,100,35,80
93,1,ゴースト,,ゴースト,どく,ふゆう,,,45,50,45,115,55,95
94,1,ゲンガー,,ゴースト,どく,のろわれボディ,,,60,65,60,130,75,110
94,2,ゲンガー,メガゲンガー,ゴースト,どく,かげふみ,,,60,65,80,170,95,130
95,1,イワーク,,いわ,じめん,いしあたま, がんじょう,くだけるよろい,35,45,160,30,45,70
96,1,スリープ,,エスパー,,ふみん, よちむ,せいしんりょく,60,48,45,43,90,42
97,1,スリーパー　,,エスパー,,ふみん, よちむ,せいしんりょく,85,73,70,73,115,67
98,1,クラブ,,みず,,かいりきバサミ, シェルアーマー,ちからずく,30,105,90,25,25,50
99,1,キングラー,,みず,,かいりきバサミ, シェルアーマー,ちからずく,55,130,115,50,50,75
100,1,ビリリダマ,,でんき,,ぼうおん, せいでんき,ゆうばく,40,30,50,55,55,100
100,2,ビリリダマ,ヒスイのすがた,でんき,くさ,ぼうおん,せいでんき,ゆうばく,40,30,50,55,55,100
101,1,マルマイン,,でんき,,ぼうおん, せいでんき,ゆうばく,60,50,70,80,80,150
101,2,マルマイン,ヒスイのすがた,でんき,くさ,ぼうおん,せいでんき,ゆうばく,60,50,70,80,80,150
102,1,タマタマ,,くさ,エスパー,ようりょくそ,,しゅうかく,60,40,80,60,45,40
103,1,ナッシー,,くさ,エスパー,ようりょくそ,,しゅうかく,95,95,85,125,75,55
103,2,ナッシー,アローラのすがた,くさ,ドラゴン,おみとおし,,しゅうかく,95,105,85,125,75,45
104,1,カラカラ,,じめん,,いしあたま, ひらいしん,カブトアーマー,50,50,95,40,50,35
105,1,ガラガラ,,じめん,,いしあたま, ひらいしん,カブトアーマー,60,80,110,50,80,45
105,2,ガラガラ,アローラのすがた,ほのお,ゴースト,のろわれボディ, ひらいしん,いしあたま,60,80,110,50,80,45
106,1,サワムラー,,かくとう,,じゅうなん, すてみ,かるわざ,50,120,53,35,110,87
107,1,エビワラー,,かくとう,,するどいめ, てつのこぶし,せいしんりょく,50,105,79,35,110,76
108,1,ベロリンガ,,ノーマル,,マイペース, どんかん,ノーてんき,90,55,75,60,75,30
109,1,ドガース,,どく,,ふゆう,,,40,65,95,60,45,35
110,1,マタドガス,,どく,,ふゆう,,,65,90,120,85,70,60
110,2,マタドガス,ガラルのすがた,どく,フェアリー,ふゆう,かがくへんかガス,ミストメイカー,65,90,120,85,70,60
111,1,サイホーン,,じめん,いわ,ひらいしん, いしあたま,すてみ,80,85,95,30,30,25
112,1,サイドン,,じめん,いわ,ひらいしん, いしあたま,すてみ,105,130,120,45,45,40
113,1,ラッキー,,ノーマル,,しぜんかいふく, てんのめぐみ,いやしのこころ,250,5,5,35,105,50
114,1,モンジャラ,,くさ,,ようりょくそ, リーフガード,さいせいりょく,65,55,115,100,40,60
115,1,ガルーラ,,ノーマル,,はやおき, きもったま,せいしんりょく,105,95,80,40,80,90
115,2,ガルーラ,メガガルーラ,ノーマル,,おやこあい,,,105,125,100,60,100,100
116,1,タッツー,,みず,,すいすい, スナイパー,しめりけ,30,40,70,70,25,60
117,1,シードラ,,みず,,どくのトゲ, スナイパー,しめりけ,55,65,95,95,45,85
118,1,トサキント,,みず,,すいすい, みずのベール,ひらいしん,45,67,60,35,50,63
119,1,アズマオウ,,みず,,すいすい, みずのベール,ひらいしん,80,92,65,65,80,68
120,1,ヒトデマン,,みず,,はっこう, しぜんかいふく,アナライズ,30,45,55,70,55,85
121,1,スターミー,,みず,エスパー,はっこう, しぜんかいふく,アナライズ,60,75,85,100,85,115
122,1,バリヤード,,エスパー,フェアリー,ぼうおん, フィルター,テクニシャン,40,45,65,100,120,90
122,2,バリヤード,ガラルのすがた,こおり,エスパー,やるき,バリアフリー,アイスボディ,50,65,65,90,90,100
123,1,ストライク,,むし,ひこう,むしのしらせ, テクニシャン,ふくつのこころ,70,110,80,55,80,105
124,1,ルージュラ,,こおり,エスパー,どんかん, よちむ,かんそうはだ,65,50,35,115,95,95
125,1,エレブー,,でんき,,せいでんき,,やるき,65,83,57,95,85,105
126,1,ブーバー,,ほのお,,ほのおのからだ,,やるき,65,95,57,100,85,93
127,1,カイロス,,むし,,かいりきバサミ, かたやぶり,じしんかじょう,65,125,100,55,70,85
127,2,カイロス,メガカイロス,むし,ひこう,スカイスキン,,,65,155,120,65,90,105
128,1,ケンタロス,,ノーマル,,いかく, いかりのつぼ,ちからずく,75,100,95,40,70,110
129,1,コイキング,,みず,,すいすい,,びびり,20,10,55,15,20,80
130,1,ギャラドス,,みず,ひこう,いかく,,じしんかじょう,95,125,79,60,100,81
130,2,ギャラドス,メガギャラドス,みず,あく,かたやぶり,,,95,155,109,70,130,81
131,1,ラプラス,,みず,こおり,ちょすい, シェルアーマー,うるおいボディ,130,85,80,85,95,60
132,1,メタモン,,ノーマル,,じゅうなん,,かわりもの,48,48,48,48,48,48
133,1,イーブイ,,ノーマル,,にげあし, てきおうりょく,きけんよち,55,55,50,45,65,55
134,1,シャワーズ,,みず,,ちょすい,,うるおいボディ,130,65,60,110,95,65
135,1,サンダース,,でんき,,ちくでん,,はやあし,65,65,60,110,95,130
136,1,ブースター,,ほのお,,もらいび,,こんじょう,65,130,60,95,110,65
137,1,ポリゴン,,ノーマル,,トレース, ダウンロード,アナライズ,65,60,70,85,75,40
138,1,オムナイト,,いわ,みず,すいすい, シェルアーマー,くだけるよろい,35,40,100,90,55,35
139,1,オムスター,,いわ,みず,すいすい, シェルアーマー,くだけるよろい,70,60,125,115,70,55
140,1,カブト,,いわ,みず,すいすい, カブトアーマー,くだけるよろい,30,80,90,55,45,55
141,1,カブトプス,,いわ,みず,すいすい, カブトアーマー,くだけるよろい,60,115,105,65,70,80
142,1,プテラ,,いわ,ひこう,いしあたま, プレッシャー,きんちょうかん,80,105,65,60,75,130
142,2,プテラ,メガプテラ,いわ,ひこう,かたいツメ,,,80,135,85,70,95,150
143,1,カビゴン,,ノーマル,,めんえき, あついしぼう,くいしんぼう,160,110,65,65,110,30
144,1,フリーザー,,こおり,ひこう,プレッシャー,,ゆきがくれ,90,85,100,95,125,85
144,2,フリーザー,ガラルのすがた,エスパー,ひこう,かちき,,,90,85,85,125,100,95
145,1,サンダー,,でんき,ひこう,プレッシャー,,せいでんき,90,90,85,125,90,100
145,2,サンダー,ガラルのすがた,かくとう,ひこう,まけんき,,,90,125,90,85,90,100
146,1,ファイヤー,,ほのお,ひこう,プレッシャー,,ほのおのからだ,90,100,90,125,85,90
146,2,ファイヤー,ガラルのすがた,あく,ひこう,ぎゃくじょう,,,90,85,90,100,125,90
147,1,ミニリュウ,,ドラゴン,,だっぴ,,ふしぎなうろこ,41,64,45,50,50,50
148,1,ハクリュー,,ドラゴン,,だっぴ,,ふしぎなうろこ,61,84,65,70,70,70
149,1,カイリュー,,ドラゴン,ひこう,せいしんりょく,,マルチスケイル,91,134,95,100,100,80
150,1,ミュウツー,,エスパー,,プレッシャー,,きんちょうかん,106,110,90,154,90,130
150,2,ミュウツー,メガミュウツーX,エスパー,かくとう,ふくつのこころ,,,106,190,100,154,100,130
150,3,ミュウツー,メガミュウツーY,エスパー,,ふみん,,,106,150,70,194,120,140
151,1,ミュウ,,エスパー,,シンクロ,,,100,100,100,100,100,100
152,1,チコリータ,,くさ,,しんりょく,,リーフガード,45,49,65,49,65,45
153,1,ベイリーフ,,くさ,,しんりょく,,リーフガード,60,62,80,63,80,60
154,1,メガニウム,,くさ,,しんりょく,,リーフガード,80,82,100,83,100,80
155,1,ヒノアラシ,,ほのお,,もうか,,もらいび,39,52,43,60,50,65
156,1,マグマラシ,,ほのお,,もうか,,もらいび,58,64,58,80,65,80
157,1,バクフーン,,ほのお,,もうか,,もらいび,78,84,78,109,85,100
157,2,バクフーン,ヒスイのすがた,ほのお,ゴースト,もうか,,もらいび,73,84,78,119,85,95
158,1,ワニノコ,,みず,,げきりゅう,,ちからずく,50,65,64,44,48,43
159,1,アリゲイツ,,みず,,げきりゅう,,ちからずく,65,80,80,59,63,58
160,1,オーダイル,,みず,,げきりゅう,,ちからずく,85,105,100,79,83,78
161,1,オタチ,,ノーマル,,にげあし, するどいめ,おみとおし,35,46,34,35,45,20
162,1,オオタチ,,ノーマル,,にげあし, するどいめ,おみとおし,85,76,64,45,55,90
163,1,ホーホー,,ノーマル,ひこう,ふみん, するどいめ,いろめがね,60,30,30,36,56,50
164,1,ヨルノズク,,ノーマル,ひこう,ふみん, するどいめ,いろめがね,100,50,50,86,96,70
165,1,レディバ,,むし,ひこう,むしのしらせ, はやおき,びびり,40,20,30,40,80,55
166,1,レディアン,,むし,ひこう,むしのしらせ, はやおき,てつのこぶし,55,35,50,55,110,85
167,1,イトマル,,むし,どく,むしのしらせ, ふみん,スナイパー,40,60,40,40,40,30
168,1,アリアドス,,むし,どく,むしのしらせ, ふみん,スナイパー,70,90,70,60,70,40
169,1,クロバット,,どく,ひこう,せいしんりょく,,すりぬけ,85,90,80,70,80,130
170,1,チョンチー,,みず,でんき,ちくでん, はっこう,ちょすい,75,38,38,56,56,67
171,1,ランターン,,みず,でんき,ちくでん, はっこう,ちょすい,125,58,58,76,76,67
172,1,ピチュー,,でんき,,せいでんき,,ひらいしん,20,40,15,35,35,60
173,1,ピィ,,フェアリー,,メロメロボディ, マジックガード,フレンドガード,50,25,28,45,55,15
174,1,ププリン,,ノーマル,フェアリー,メロメロボディ, かちき,フレンドガード,90,30,15,40,20,15
175,1,トゲピー,,フェアリー,,はりきり, てんのめぐみ,きょううん,35,20,65,40,65,20
176,1,トゲチック,,フェアリー,ひこう,はりきり, てんのめぐみ,きょううん,55,40,85,80,105,40
177,1,ネイティ,,エスパー,ひこう,シンクロ, はやおき,マジックミラー,40,50,45,70,45,70
178,1,ネイティオ,,エスパー,ひこう,シンクロ, はやおき,マジックミラー,65,75,70,95,70,95
179,1,メリープ,,でんき,,せいでんき,,プラス,55,40,40,65,45,35
180,1,モココ,,でんき,,せいでんき,,プラス,70,55,55,80,60,45
181,1,デンリュウ,,でんき,,せいでんき,,プラス,90,75,85,115,90,55
181,2,デンリュウ,メガデンリュウ,でんき,ドラゴン,かたやぶり,,,90,95,105,165,110,45
182,1,キレイハナ,,くさ,,ようりょくそ,,いやしのこころ,75,80,95,90,100,50
183,1,マリル,,みず,フェアリー,あついしぼう, ちからもち,そうしょく,70,20,50,20,50,40
184,1,マリルリ,,みず,フェアリー,あついしぼう, ちからもち,そうしょく,100,50,80,60,80,50
185,1,ウソッキー,,いわ,,がんじょう, いしあたま,びびり,70,100,115,30,65,30
186,1,ニョロトノ,,みず,,ちょすい, しめりけ,あめふらし,90,75,75,90,100,70
187,1,ハネッコ,,くさ,ひこう,ようりょくそ, リーフガード,すりぬけ,35,35,40,35,55,50
188,1,ポポッコ,,くさ,ひこう,ようりょくそ, リーフガード,すりぬけ,55,45,50,45,65,80
189,1,ワタッコ,,くさ,ひこう,ようりょくそ, リーフガード,すりぬけ,75,55,70,55,95,110
190,1,エイパム,,ノーマル,,にげあし, ものひろい,スキルリンク,55,70,55,40,55,85
191,1,ヒマナッツ,,くさ,,ようりょくそ, サンパワー,はやおき,30,30,30,30,30,30
192,1,キマワリ,,くさ,,ようりょくそ, サンパワー,はやおき,75,75,55,105,85,30
193,1,ヤンヤンマ,,むし,ひこう,かそく, ふくがん,おみとおし,65,65,45,75,45,95
194,1,ウパー,,みず,じめん,しめりけ, ちょすい,てんねん,55,45,45,25,25,15
195,1,ヌオー,,みず,じめん,しめりけ, ちょすい,てんねん,95,85,85,65,65,35
196,1,エーフィ,,エスパー,,シンクロ,,マジックミラー,65,65,60,130,95,110
197,1,ブラッキー,,あく,,シンクロ,,せいしんりょく,95,65,110,60,130,65
198,1,ヤミカラス,,あく,ひこう,ふみん, きょううん,いたずらごころ,60,85,42,85,42,91
199,1,ヤドキング,,みず,エスパー,どんかん, マイペース,さいせいりょく,95,75,80,100,110,30
199,2,ヤドキング,ガラルのすがた,どく,エスパー,きみょうなくすり,マイペース,さいせいりょく,95,65,80,110,110,30
200,1,ムウマ,,ゴースト,,ふゆう,,,60,60,60,85,85,85
201,1,アンノーン,,エスパー,,ふゆう,,,48,72,48,72,48,48
202,1,ソーナンス,,エスパー,,かげふみ,,テレパシー,190,33,58,33,58,33
203,1,キリンリキ,,ノーマル,エスパー,せいしんりょく, はやおき,そうしょく,70,80,65,90,65,85
204,1,クヌギダマ,,むし,,がんじょう,,ぼうじん,50,65,90,35,35,15
205,1,フォレトス,,むし,はがね,がんじょう,,ぼうじん,75,90,140,60,60,40
206,1,ノコッチ,,ノーマル,,てんのめぐみ, にげあし,びびり,100,70,70,65,65,45
207,1,グライガー,,じめん,ひこう,かいりきバサミ, すながくれ,めんえき,65,75,105,35,65,85
208,1,ハガネール,,はがね,じめん,いしあたま, がんじょう,ちからずく,75,85,200,55,65,30
208,2,ハガネール,メガハガネール,はがね,じめん,すなのちから,,,75,125,230,55,95,30
209,1,ブルー,,フェアリー,,いかく, にげあし,びびり,60,80,50,40,40,30
210,1,グランブル,,フェアリー,,いかく, はやあし,びびり,90,120,75,60,60,45
211,1,ハリーセン,,みず,どく,どくのトゲ, すいすい,いかく,65,95,85,55,55,85
211,2,ハリーセン,ヒスイのすがた,あく,どく,どくのトゲ,すいすい,いかく,65,95,85,55,55,85
212,1,ハッサム,,むし,はがね,むしのしらせ, テクニシャン,ライトメタル,70,130,100,55,80,65
212,2,ハッサム,メガハッサム,むし,はがね,テクニシャン,,,70,150,140,65,100,75
213,1,ツボツボ,,むし,いわ,がんじょう, くいしんぼう,あまのじゃく,20,10,230,10,230,5
214,1,ヘラクロス,,むし,かくとう,むしのしらせ, こんじょう,じしんかじょう,80,125,75,40,95,85
214,2,ヘラクロス,メガヘラクロス,むし,かくとう,スキルリンク,,,80,185,115,40,105,75
215,1,ニューラ,,あく,こおり,せいしんりょく, するどいめ,わるいてぐせ,55,95,55,35,75,115
215,2,ニューラ,ヒスイのすがた,どく,かくとう,せいしんりょく,するどいめ,どくしゅ,55,95,55,35,75,115
216,1,ヒメグマ,,ノーマル,,ものひろい, はやあし,みつあつめ,60,80,50,50,50,40
217,1,リングマ,,ノーマル,,こんじょう, はやあし,きんちょうかん,90,130,75,75,75,55
218,1,マグマッグ,,ほのお,,マグマのよろい, ほのおのからだ,くだけるよろい,40,40,40,70,40,20
219,1,マグカルゴ,,ほのお,いわ,マグマのよろい, ほのおのからだ,くだけるよろい,60,50,120,90,80,30
220,1,ウリムー,,こおり,じめん,どんかん, ゆきがくれ,あついしぼう,50,50,40,30,30,50
221,1,イノムー,,こおり,じめん,どんかん, ゆきがくれ,あついしぼう,100,100,80,60,60,50
222,1,サニーゴ,,みず,いわ,はりきり, しぜんかいふく,さいせいりょく,65,55,95,65,95,35
222,2,サニーゴ,ガラルのすがた,ゴースト,,くだけるよろい,,のろわれボディ,60,55,100,65,100,30
223,1,テッポウオ,,みず,,はりきり, スナイパー,ムラっけ,35,65,35,65,35,65
224,1,オクタン,,みず,,きゅうばん, スナイパー,ムラっけ,75,105,75,105,75,45
225,1,デリバード,,こおり,ひこう,やるき, はりきり,ふみん,45,55,45,65,45,75
226,1,マンタイン,,みず,ひこう,すいすい, ちょすい,みずのベール,85,40,70,80,140,70
227,1,エアームド,,はがね,ひこう,するどいめ, がんじょう,くだけるよろい,65,80,140,40,70,70
228,1,デルビル,,あく,ほのお,はやおき, もらいび,きんちょうかん,45,60,30,80,50,65
229,1,ヘルガー,,あく,ほのお,はやおき, もらいび,きんちょうかん,75,90,50,110,80,95
229,2,メガヘルガー,,あく,ほのお,サンパワー,,,75,90,90,140,90,115
230,1,キングドラ,,みず,ドラゴン,すいすい, スナイパー,しめりけ,75,95,95,95,95,85
231,1,ゴマゾウ,,じめん,,ものひろい,,すながくれ,90,60,60,40,40,40
232,1,ドンファン,,じめん,,がんじょう,,すながくれ,90,120,120,60,60,50
233,1,ポリゴン２,,ノーマル,,トレース, ダウンロード,アナライズ,85,80,90,105,95,60
234,1,オドシシ,,ノーマル,,いかく, おみとおし,そうしょく,73,95,62,85,65,85
235,1,ドーブル,,ノーマル,,マイペース, テクニシャン,ムラっけ,55,20,35,20,45,75
236,1,バルキー,,かくとう,,こんじょう, ふくつのこころ,やるき,35,35,35,35,35,35
237,1,カポエラー,,かくとう,,いかく, テクニシャン,ふくつのこころ,50,95,95,35,110,70
238,1,ムチュール,,こおり,エスパー,どんかん, よちむ,うるおいボディ,45,30,15,85,65,65
239,1,エレキッド,,でんき,,せいでんき,,やるき,45,63,37,65,55,95
240,1,ブビィ,,ほのお,,ほのおのからだ,,やるき,45,75,37,70,55,83
241,1,ミルタンク,,ノーマル,,あついしぼう, きもったま,そうしょく,95,80,105,40,70,100
242,1,ハピナス,,ノーマル,,しぜんかいふく, てんのめぐみ,いやしのこころ,255,10,10,75,135,55
243,1,ライコウ,,でんき,,プレッシャー,,せいしんりょく,90,85,75,115,100,115
244,1,エンテイ,,ほのお,,プレッシャー,,せいしんりょく,115,115,85,90,75,100
245,1,スイクン,,みず,,プレッシャー,,せいしんりょく,100,75,115,90,115,85
246,1,ヨーギラス,,いわ,じめん,こんじょう,,すながくれ,50,64,50,45,50,41
247,1,サナギラス,,いわ,じめん,だっぴ,,だっぴ,70,84,70,65,70,51
248,1,バンギラス,,いわ,あく,すなおこし,,きんちょうかん,100,134,110,95,100,61
248,2,バンギラス,メガバンギラス,いわ,あく,すなおこし,,,100,164,150,95,120,71
249,1,ルギア,,エスパー,ひこう,プレッシャー,,マルチスケイル,106,90,130,90,154,110
250,1,ホウオウ,,ほのお,ひこう,プレッシャー,,さいせいりょく,106,130,90,110,154,90
251,1,セレビィ,,エスパー,むし,しぜんかいふく,,,100,100,100,100,100,100
252,1,キモリ,,くさ,,しんりょく,,かるわざ,40,45,35,65,55,70
253,1,ジュプトル,,くさ,,しんりょく,,かるわざ,50,65,45,85,65,95
254,1,ジュカイン,,くさ,,しんりょく,,かるわざ,70,85,65,105,85,120
254,2,ジュカイン,メガジュカイン,くさ,ドラゴン,ひらいしん,,,70,110,75,145,85,145
255,1,アチャモ,,ほのお,,もうか,,かそく,45,60,40,70,50,45
256,1,ワカシャモ,,ほのお,かくとう,もうか,,かそく,60,85,60,85,60,55
257,1,バシャーモ,,ほのお,かくとう,もうか,,かそく,80,120,70,110,70,80
257,2,バシャーモ,メガバシャーモ,ほのお,かくとう,かそく,,,80,160,80,130,80,100
258,1,ミズゴロウ,,みず,,げきりゅう,,しめりけ,50,70,50,50,50,40
259,1,ヌマクロー,,みず,じめん,げきりゅう,,しめりけ,70,85,70,60,70,50
260,1,ラグラージ,,みず,じめん,げきりゅう,,しめりけ,100,110,90,85,90,60
260,2,ラグラージ,メガラグラージ,みず,じめん,すいすい,,,100,150,110,95,110,70
261,1,ポチエナ,,あく,,にげあし, はやあし,びびり,35,55,35,30,30,35
262,1,グラエナ,,あく,,いかく, はやあし,じしんかじょう,70,90,70,60,60,70
263,1,ジグザグマ,,ノーマル,,ものひろい, くいしんぼう,はやあし,38,30,41,30,41,60
263,2,ジグザグマ,ガラルのすがた,あく,ノーマル,ものひろい,くいしんぼう,はやあし,38,30,41,30,41,60
264,1,マッスグマ,,ノーマル,,ものひろい, くいしんぼう,はやあし,78,70,61,50,61,100
264,2,マッスグマ,ガラルのすがた,あく,ノーマル,ものひろい,くいしんぼう,はやあし,78,70,61,50,61,100
265,1,ケムッソ,,むし,,りんぷん,,にげあし,45,45,35,20,30,20
266,1,カラサリス,,むし,,だっぴ,,だっぴ,50,35,55,25,25,15
267,1,アゲハント,,むし,ひこう,むしのしらせ,,とうそうしん,60,70,50,100,50,65
268,1,マユルド,,むし,,だっぴ,,だっぴ,50,35,55,25,25,15
269,1,ドクケイル,,むし,どく,りんぷん,,ふくがん,60,50,70,50,90,65
270,1,ハスボー,,みず,むし,すいすい, あめうけざら,マイペース,40,30,30,40,50,30
271,1,ハスブレロ,,みず,むし,すいすい, あめうけざら,マイペース,60,50,50,60,70,50
272,1,ルンパッパ,,みず,むし,すいすい, あめうけざら,マイペース,80,70,70,90,100,70
273,1,タネボー,,くさ,,ようりょくそ, はやおき,わるいてぐせ,40,40,50,30,30,30
274,1,コノハナ,,くさ,あく,ようりょくそ, はやおき,わるいてぐせ,70,70,40,60,40,60
275,1,ダーテング,,くさ,あく,ようりょくそ, はやおき,わるいてぐせ,90,100,60,90,60,80
276,1,スバメ,,ノーマル,ひこう,こんじょう,,きもったま,40,55,30,30,30,85
277,1,オオスバメ,,ノーマル,ひこう,こんじょう,,きもったま,60,85,60,75,50,125
278,1,キャモメ,,みず,ひこう,するどいめ, うるおいボディ,あめうけざら,40,30,30,55,30,85
279,1,ペリッパー,,みず,ひこう,するどいめ, あめふらし,あめうけざら,60,50,100,95,70,65
280,1,ラルトス,,エスパー,フェアリー,シンクロ, トレース,テレパシー,28,25,25,45,35,40
281,1,キルリア,,エスパー,フェアリー,シンクロ, トレース,テレパシー,38,35,35,65,55,50
282,1,サーナイト,,エスパー,フェアリー,シンクロ, トレース,テレパシー,68,65,65,125,115,80
282,2,サーナイト,メガサーナイト,エスパー,フェアリー,フェアリースキン,,,68,85,65,165,135,100
283,1,アメタマ,,むし,みず,すいすい,,あめうけざら,40,30,32,50,52,65
284,1,アメモース,,むし,ひこう,いかく,,きんちょうかん,70,60,62,100,82,80
285,1,キノココ,,くさ,,ほうし, ポイズンヒール,はやあし,60,40,60,40,60,35
286,1,キノガッサ,,くさ,かくとう,ほうし, ポイズンヒール,テクニシャン,60,130,80,60,60,70
287,1,ナマケロ,,ノーマル,,なまけ,,,60,60,60,35,35,30
288,1,ヤルキモノ,,ノーマル,,やるき,,,80,80,80,55,55,90
289,1,ケッキング,,ノーマル,,なまけ,,,150,160,100,95,65,100
290,1,ツチニン,,むし,じめん,ふくがん,,にげあし,31,45,90,30,30,40
291,1,テッカニン,,むし,ひこう,かそく,,すりぬけ,61,90,45,50,50,160
292,1,ヌケニン,,むし,ゴースト,ふしぎなまもり,,ふしぎなまもり,1,90,45,30,30,40
293,1,ゴニョニョ,,ノーマル,,ぼうおん,,びびり,64,51,23,51,23,28
294,1,ドゴーム,,ノーマル,,ぼうおん,,きもったま,84,71,43,71,43,48
295,1,バクオング,,ノーマル,,ぼうおん,,きもったま,104,91,63,91,73,68
296,1,マクノシタ,,かくとう,,あついしぼう, こんじょう,ちからずく,72,60,30,20,30,25
297,1,ハリテヤマ,,かくとう,,あついしぼう, こんじょう,ちからずく,144,120,60,40,60,50
298,1,ルリリ,,ノーマル,フェアリー,あついしぼう, ちからもち,そうしょく,50,20,40,20,40,20
299,1,ノズパス,,いわ,,がんじょう, じりょく,すなのちから,30,45,135,45,90,30
300,1,エネコ,,ノーマル,,メロメロボディ, ノーマルスキン,ミラクルスキン,50,45,45,35,35,50
301,1,エネコロロ,,ノーマル,,メロメロボディ, ノーマルスキン,ミラクルスキン,70,65,65,55,55,90
302,1,ヤミラミ,,あく,ゴースト,するどいめ, あとだし,いたずらごころ,50,75,75,65,65,50
302,2,ヤミラミ,メガヤミラミ,あく,ゴースト,マジックミラー,,,50,85,125,85,115,20
303,1,クチート,,はがね,フェアリー,かいりきバサミ, いかく,ちからずく,50,85,85,55,55,50
303,2,クチート,メガクチート,はがね,フェアリー,ちからもち,,,50,105,125,55,95,50
304,1,ココドラ,,はがね,いわ,がんじょう, いしあたま,ヘヴィメタル,50,70,100,40,40,30
305,1,コドラ,,はがね,いわ,がんじょう, いしあたま,ヘヴィメタル,60,90,140,50,50,40
306,1,ボスゴドラ,,はがね,いわ,がんじょう, いしあたま,ヘヴィメタル,70,110,180,60,60,50
306,2,ボスゴドラ,メガボスゴドラ,はがね,,フィルター,,,70,140,230,60,80,50
307,1,アサナン,,かくとう,エスパー,ヨガパワー,,テレパシー,30,40,55,40,55,60
308,1,チャーレム,,かくとう,エスパー,ヨガパワー,,テレパシー,60,60,75,60,75,80
308,2,チャーレム,メガチャーレム,かくとう,エスパー,ヨガパワー,,,60,100,85,80,85,100
309,1,ラクライ,,でんき,,せいでんき, ひらいしん,マイナス,40,45,40,65,40,65
310,1,ライボルト,,でんき,,せいでんき, ひらいしん,マイナス,70,75,60,105,60,105
310,2,ライボルト,メガライボルト,でんき,,いかく,,,70,75,80,135,80,135
311,1,プラスル,,でんき,,プラス,,ひらいしん,60,50,40,85,75,95
312,1,マイナン,,でんき,,マイナス,,ちくでん,60,40,50,75,85,95
313,1,バルビート,,むし,,はっこう, むしのしらせ,いたずらごころ,65,73,75,47,85,85
314,1,イルミーゼ,,むし,,どんかん, いろめがね,いたずらごころ,65,47,75,73,85,85
315,1,ロゼリア,,くさ,どく,しぜんかいふく, どくのトゲ,リーフガード,50,60,45,100,80,65
316,1,ゴクリン,,どく,,ヘドロえき, ねんちゃく,くいしんぼう,70,43,53,43,53,40
317,1,マルノーム,,どく,,ヘドロえき, ねんちゃく,くいしんぼう,100,73,83,73,83,55
318,1,キバニア,,みず,あく,さめはだ,,かそく,45,90,20,65,20,65
319,1,サメハダー,,みず,あく,さめはだ,,かそく,70,120,40,95,40,95
319,2,サメハダー,メガサメハダー,みず,あく,がんじょうあご,,,70,140,70,110,65,105
320,1,ホエルコ,,みず,,みずのベール, どんかん,プレッシャー,130,70,35,70,35,60
321,1,ホエルオー,,みず,,みずのベール, どんかん,プレッシャー,170,90,45,90,45,60
322,1,ドンメル,,ほのお,じめん,どんかん, たんじゅん,マイペース,60,60,40,65,45,35
323,1,バクーダ,,ほのお,じめん,マグマのよろい, ハードロック,いかりのつぼ,70,100,70,105,75,40
323,2,バクーダ,メガバクーダ,ほのお,じめん,ちからずく,,,70,120,100,145,105,20
324,1,コータス,,ほのお,,しろいけむり, ひでり,シェルアーマー,70,85,140,85,70,20
325,1,バネブー,,エスパー,,あついしぼう, マイペース,くいしんぼう,60,25,35,70,80,60
326,1,ブーピッグ,,エスパー,,あついしぼう, マイペース,くいしんぼう,80,45,65,90,110,80
327,1,パッチール,,ノーマル,,マイペース, ちどりあし,あまのじゃく,60,60,60,60,60,60
328,1,ナックラー,,じめん,,かいりきバサミ, ありじごく,ちからずく,45,100,45,45,45,10
329,1,ビブラーバ,,じめん,ドラゴン,ふゆう,,ふゆう,50,70,50,50,50,70
330,1,フライゴン,,じめん,ドラゴン,ふゆう,,ふゆう,80,100,80,80,80,100
331,1,サボネア,,くさ,,すながくれ,,ちょすい,50,85,40,85,40,35
332,1,ノクタス,,くさ,あく,すながくれ,,ちょすい,70,115,60,115,60,55
333,1,チルット,,ノーマル,ひこう,しぜんかいふく,,ノーてんき,45,40,60,40,75,50
334,1,チルタリス,,ドラゴン,ひこう,しぜんかいふく,,ノーてんき,75,70,90,70,105,80
334,2,チルタリス,メガチルタリス,ドラゴン,フェアリー,フェアリースキン,,,75,110,110,110,105,80
335,1,ザングース,,ノーマル,,めんえき,,どくぼうそう,73,115,60,60,60,90
336,1,ハブネーク,,どく,,だっぴ,,すりぬけ,73,100,60,100,60,65
337,1,ルナトーン,,いわ,エスパー,ふゆう,,,90,55,65,95,85,70
338,1,ソルロック,,いわ,エスパー,ふゆう,,,90,95,85,55,65,70
339,1,ドジョッチ,,みず,じめん,どんかん, きけんよち,うるおいボディ,50,48,43,46,41,60
340,1,ナマズン,,みず,じめん,どんかん, きけんよち,うるおいボディ,110,78,73,76,71,60
341,1,ヘイガニ,,みず,,かいりきバサミ, シェルアーマー,てきおうりょく,43,80,65,50,35,35
342,1,シザリガー,,みず,あく,かいりきバサミ, シェルアーマー,てきおうりょく,63,120,85,90,55,55
343,1,ヤジロン,,じめん,エスパー,ふゆう,,,40,40,55,40,70,55
344,1,ネンドール,,じめん,エスパー,ふゆう,,,60,70,105,70,120,75
345,1,リリーラ,,いわ,くさ,きゅうばん,,よびみず,66,41,77,61,87,23
346,1,ユレイドル,,いわ,くさ,きゅうばん,,よびみず,86,81,97,81,107,43
347,1,アノプス,,いわ,むし,カブトアーマー,,すいすい,45,95,50,40,50,75
348,1,アーマルド,,いわ,むし,カブトアーマー,,すいすい,75,125,100,70,80,45
349,1,ヒンバス,,みず,,すいすい, どんかん,てきおうりょく,20,15,20,10,55,80
350,1,ミロカロス,,みず,,ふしぎなうろこ, かちき,メロメロボディ,95,60,79,100,125,81
351,1,ポワルン,,ノーマル,,てんきや,,,70,70,70,70,70,70
352,1,カクレオン,,ノーマル,,へんしょく,,へんげんじざい,60,90,70,60,120,40
353,1,カゲボウズ,,ゴースト,,ふみん, おみとおし,のろわれボディ,44,75,35,63,33,45
354,1,ジュペッタ,,ゴースト,,ふみん, おみとおし,のろわれボディ,64,115,65,83,63,65
354,2,ジュペッタ,メガジュペッタ,ゴースト,,いたずらごころ,,,64,165,75,93,83,75
355,1,ヨマワル,,ゴースト,,ふゆう,,おみとおし,20,40,90,30,90,25
356,1,サマヨール,,ゴースト,,プレッシャー,,おみとおし,40,70,130,60,130,25
357,1,トロピウス,,くさ,ひこう,ようりょくそ, サンパワー,しゅうかく,99,68,83,72,87,51
358,1,チリーン,,エスパー,,ふゆう,,,75,50,80,95,90,65
359,1,アブソル,,あく,,プレッシャー, きょううん,せいぎのこころ,65,130,60,75,60,75
359,2,アブソル,メガアブソル,あく,,マジックミラー,,,65,150,60,115,60,115
360,1,ソーナノ,,エスパー,,かげふみ,,テレパシー,95,23,48,23,48,23
361,1,ユキワラシ,,こおり,,せいしんりょく, アイスボディ,ムラっけ,50,50,50,50,50,50
362,1,オニゴーリ,,こおり,,せいしんりょく, アイスボディ,ムラっけ,80,80,80,80,80,80
362,2,オニゴーリ,メガオニゴーリ,こおり,,フリーズスキン,,,80,120,80,120,80,100
363,1,タマザラシ,,こおり,みず,あついしぼう, アイスボディ,どんかん,70,40,50,55,50,25
364,1,トドグラー,,こおり,みず,あついしぼう, アイスボディ,どんかん,90,60,70,75,70,45
365,1,トドゼルガ,,こおり,みず,あついしぼう, アイスボディ,どんかん,110,80,90,95,90,65
366,1,パールル,,みず,,シェルアーマー,,びびり,35,64,85,74,55,32
367,1,ハンテール,,みず,,すいすい,,みずのベール,55,104,105,94,75,52
368,1,サクラビス,,みず,,すいすい,,うるおいボディ,55,84,105,114,75,52
369,1,ジーランス,,みず,いわ,すいすい, いしあたま,がんじょう,100,90,130,45,65,55
370,1,ラブカス,,みず,,すいすい,,うるおいボディ,43,30,55,40,65,97
371,1,タツベイ,,ドラゴン,,いしあたま,,ちからずく,45,75,60,40,30,50
372,1,コモルー,,ドラゴン,,いしあたま,,ぼうじん,65,95,100,60,50,50
373,1,ボーマンダ,,ドラゴン,ひこう,いかく,,じしんかじょう,95,135,80,110,80,100
373,2,ボーマンダ,メガボーマンダ,ドラゴン,ひこう,スカイスキン,,,95,145,130,120,90,120
374,1,ダンバル,,はがね,エスパー,クリアボディ,,ライトメタル,40,55,80,35,60,30
375,1,メタング,,はがね,エスパー,クリアボディ,,ライトメタル,60,75,100,55,80,50
376,1,メタグロス,,はがね,エスパー,クリアボディ,,ライトメタル,80,135,130,95,90,70
376,2,メタグロス,メガメタグロス,はがね,エスパー,かたいツメ,,,80,145,150,105,110,110
377,1,レジロック,,いわ,,クリアボディ,,がんじょう,80,100,200,50,100,50
378,1,レジアイス,,こおり,,クリアボディ,,アイスボディ,80,50,100,100,200,50
379,1,レジスチル,,はがね,,クリアボディ,,ライトメタル,80,75,150,75,150,50
380,1,ラティアス,,ドラゴン,エスパー,ふゆう,,,80,80,90,110,130,110
380,2,ラティアス,メガラティアス,ドラゴン,エスパー,ふゆう,,,80,100,120,140,150,110
381,1,ラティオス,,ドラゴン,エスパー,ふゆう,,,80,90,80,130,110,110
381,2,ラティオス,メガラティオス,ドラゴン,エスパー,ふゆう,,,80,130,100,160,120,110
382,1,カイオーガ,,みず,,あめふらし,,,100,100,90,150,140,90
382,2,カイオーガ,ゲンシカイオーガ,みず,,はじまりのうみ,,,100,150,90,180,160,90
383,1,グラードン,,じめん,,ひでり,,,100,150,140,100,90,90
383,2,グラードン,ゲンシグラードン,じめん,ほのお,おわりのだいち,,,100,180,160,150,90,90
384,1,レックウザ,,ドラゴン,ひこう,エアロック,,,105,150,90,150,90,95
384,2,レックウザ,メガレックウザ,ドラゴン,ひこう,デルタストリーム,,,105,180,100,180,100,115
385,1,ジラーチ,,はがね,エスパー,てんのめぐみ,,,100,100,100,100,100,100
386,1,デオキシス,ノーマルフォルム,エスパー,,プレッシャー,,,50,150,50,150,50,150
386,2,デオキシス,アタックフォルム,エスパー,,プレッシャー,,,50,180,20,180,20,150
386,3,デオキシス,ディフェンスフォルム,エスパー,,プレッシャー,,,50,70,160,70,160,90
386,4,デオキシス,スピードフォルム,エスパー,,プレッシャー,,,50,95,90,95,90,180
387,1,ナエトル,,くさ,,しんりょく,,シェルアーマー,55,68,64,45,55,31
388,1,ハヤシガメ,,くさ,,しんりょく,,シェルアーマー,75,89,85,55,65,36
389,1,ドダイトス,,くさ,じめん,しんりょく,,シェルアーマー,95,109,105,75,85,56
390,1,ヒコザル,,ほのお,,もうか,,てつのこぶし,44,58,44,58,44,61
391,1,モウカザル,,ほのお,かくとう,もうか,,てつのこぶし,64,78,52,78,52,81
392,1,ゴウカザル,,ほのお,かくとう,もうか,,てつのこぶし,76,104,71,104,71,108
393,1,ポッチャマ,,みず,,げきりゅう,,まけんき,53,51,53,61,56,40
394,1,ポッタイシ,,みず,,げきりゅう,,まけんき,64,66,68,81,76,50
395,1,エンペルト,,みず,はがね,げきりゅう,,まけんき,84,86,88,111,101,60
396,1,ムックル,,ノーマル,ひこう,するどいめ,,すてみ,40,55,30,30,30,60
397,1,ムクバード,,ノーマル,ひこう,いかく,,すてみ,55,75,50,40,40,80
398,1,ムクホーク,,ノーマル,ひこう,いかく,,すてみ,85,120,70,50,60,100
399,1,ビッパ,,ノーマル,,たんじゅん, てんねん,ムラっけ,59,45,40,35,40,31
400,1,ビーダル,,ノーマル,みず,たんじゅん, てんねん,ムラっけ,79,85,60,55,60,71
401,1,コロボーシ,,むし,,だっぴ,,にげあし,37,25,41,25,41,25
402,1,コロトック,,むし,,むしのしらせ,,テクニシャン,77,85,51,55,51,65
403,1,コリンク,,でんき,,とうそうしん, いかく,こんじょう,45,65,34,40,34,45
404,1,ルクシオ,,でんき,,とうそうしん, いかく,こんじょう,60,85,49,60,49,60
405,1,レントラー,,でんき,,とうそうしん, いかく,こんじょう,80,120,79,95,79,70
406,1,スボミー,,くさ,どく,しぜんかいふく, どくのトゲ,リーフガード,40,30,35,50,70,55
407,1,ロズレイド,,くさ,どく,しぜんかいふく, どくのトゲ,テクニシャン,60,70,65,125,105,90
408,1,ズガイドス,,いわ,,かたやぶり,,ちからずく,67,125,40,30,30,58
409,1,ラムパルド,,いわ,,かたやぶり,,ちからずく,97,165,60,65,50,58
410,1,タテトプス,,いわ,はがね,がんじょう,,ぼうおん,30,42,118,42,88,30
411,1,トリデプス,,いわ,はがね,がんじょう,,ぼうおん,60,52,168,47,138,30
412,1,ミノムッチ,,むし,,だっぴ,,ぼうじん,40,29,45,29,45,36
413,1,ミノマダム,くさきのミノ,むし,くさ,きけんよち,,ぼうじん,60,59,85,79,105,36
413,2,ミノマダム,すなちのミノ,むし,じめん,きけんよち,,ぼうじん,60,79,105,59,85,36
413,3,ミノマダム,ゴミのミノ,むし,はがね,きけんよち,,ぼうじん,60,69,95,69,95,36
414,1,ガーメイル,,むし,ひこう,むしのしらせ,,いろめがね,70,94,50,94,50,66
415,1,ミツハニー,,むし,ひこう,みつあつめ,,はりきり,30,30,42,30,42,70
416,1,ビークイン,,むし,ひこう,プレッシャー,,きんちょうかん,70,80,102,80,102,40
417,1,パチリス,,でんき,,にげあし, ものひろい,ちくでん,60,45,70,45,90,95
418,1,ブイゼル,,みず,,すいすい,,みずのベール,55,65,35,60,30,85
419,1,フローゼル,,みず,,すいすい,,みずのベール,85,105,55,85,50,115
420,1,チェリンボ,,くさ,,ようりょくそ,,,45,35,45,62,53,35
421,1,チェリム,,くさ,,フラワーギフト,,,70,60,70,87,78,85
422,1,カラナクシ,,みず,,ねんちゃく, よびみず,すなのちから,76,48,48,57,62,34
423,1,トリトドン,,みず,じめん,ねんちゃく, よびみず,すなのちから,111,83,68,92,82,39
424,1,エテボース,,ノーマル,,テクニシャン, ものひろい,スキルリンク,75,100,66,60,66,115
425,1,フワンテ,,ゴースト,ひこう,ゆうばく, かるわざ,ねつぼうそう,90,50,34,60,44,70
426,1,フワライド,,ゴースト,ひこう,ゆうばく, かるわざ,ねつぼうそう,150,80,44,90,54,80
427,1,ミミロル,,ノーマル,,にげあし, ぶきよう,じゅうなん,55,66,44,44,56,85
428,1,ミミロップ,,ノーマル,,メロメロボディ, ぶきよう,じゅうなん,65,76,84,54,96,105
428,2,ミミロップ,メガミミロップ,ノーマル,かくとう,きもったま,,,65,136,94,54,96,135
429,1,ムウマージ,,ゴースト,,ふゆう,,,60,60,60,105,105,105
430,1,ドンカラス,,あく,ひこう,ふみん, きょううん,じしんかじょう,100,125,52,105,52,71
431,1,ニャルマー,,ノーマル,,じゅうなん, マイペース,するどいめ,49,55,42,42,37,85
432,1,ブニャット,,ノーマル,,あついしぼう, マイペース,まけんき,71,82,64,64,59,112
433,1,リーシャン,,エスパー,,ふゆう,,,45,30,50,65,50,45
434,1,スカンプー,,どく,あく,あくしゅう, ゆうばく,するどいめ,63,63,47,41,41,74
435,1,スカタンク,,どく,あく,あくしゅう, ゆうばく,するどいめ,103,93,67,71,61,84
436,1,ドーミラー,,はがね,エスパー,ふゆう, たいねつ,ヘヴィメタル,57,24,86,24,86,23
437,1,ドータクン,,はがね,エスパー,ふゆう, たいねつ,ヘヴィメタル,67,89,116,79,116,33
438,1,ウソハチ,,いわ,,がんじょう, いしあたま,びびり,50,80,95,10,45,10
439,1,マネネ,,エスパー,フェアリー,ぼうおん, フィルター,テクニシャン,20,25,45,70,90,60
440,1,ピンプク,,ノーマル,,しぜんかいふく, てんのめぐみ,フレンドガード,100,5,5,15,65,30
441,1,ペラップ,,ノーマル,ひこう,するどいめ, ちどりあし,はとむね,76,65,45,92,42,91
442,1,ミカルゲ,,ゴースト,あく,プレッシャー,,すりぬけ,50,92,108,92,108,35
443,1,フカマル,,ドラゴン,じめん,すながくれ,,さめはだ,58,70,45,40,45,42
444,1,ガバイト,,ドラゴン,じめん,すながくれ,,さめはだ,68,90,65,50,55,82
445,1,ガブリアス,,ドラゴン,じめん,すながくれ,,さめはだ,108,130,95,80,85,102
445,2,ガブリアス,メガガブリアス,ドラゴン,じめん,すなのちから,,,108,170,115,120,95,92
446,1,ゴンベ,,ノーマル,,ものひろい, あついしぼう,くいしんぼう,135,85,40,40,85,5
447,1,リオル,,かくとう,,ふくつのこころ, せいしんりょく,いたずらごころ,40,70,40,35,40,60
448,1,ルカリオ,,かくとう,はがね,ふくつのこころ, せいしんりょく,せいぎのこころ,70,110,70,115,70,90
448,2,ルカリオ,メガルカリオ,かくとう,はがね,てきおうりょく,,,70,145,88,140,70,112
449,1,ヒポポタス,,じめん,,すなおこし,,すなのちから,68,72,78,38,42,32
450,1,カバルドン,,じめん,,すなおこし,,すなのちから,108,112,118,68,72,47
451,1,スコルピ,,どく,むし,カブトアーマー, スナイパー,するどいめ,40,50,90,30,55,65
452,1,ドラピオン,,どく,あく,カブトアーマー, スナイパー,するどいめ,70,90,110,60,75,95
453,1,グレッグル,,どく,かくとう,きけんよち, かんそうはだ,どくしゅ,48,61,40,61,40,50
454,1,ドクロッグ,,どく,かくとう,きけんよち, かんそうはだ,どくしゅ,83,106,65,86,65,85
455,1,マスキッパ,,くさ,,ふゆう,,,74,100,72,90,72,46
456,1,ケイコウオ,,みず,,すいすい, よびみず,みずのベール,49,49,56,49,61,66
457,1,ネオラント,,みず,,すいすい, よびみず,みずのベール,69,69,76,69,86,91
458,1,タマンタ,,みず,ひこう,すいすい, ちょすい,みずのベール,45,20,50,60,120,50
459,1,ユキカブリ,,くさ,こおり,ゆきふらし,,ぼうおん,60,62,50,62,60,40
460,1,ユキノオー,,くさ,こおり,ゆきふらし,,ぼうおん,90,92,75,92,85,60
460,2,ユキノオー,メガユキノオー,くさ,こおり,ゆきふらし,,,90,132,105,132,105,30
461,1,マニューラ,,あく,こおり,プレッシャー,,わるいてぐせ,70,120,65,45,85,125
462,1,ジバコイル,,でんき,はがね,じりょく, がんじょう,アナライズ,70,70,115,130,90,60
463,1,ベロベルト,,ノーマル,,マイペース, どんかん,ノーてんき,110,85,95,80,95,50
464,1,ドサイドン,,じめん,いわ,ひらいしん, ハードロック,すてみ,115,140,130,55,55,40
465,1,モジャンボ,,くさ,,ようりょくそ, リーフガード,さいせいりょく,100,100,125,110,50,50
466,1,エレキブル,,でんき,,でんきエンジン,,やるき,75,123,67,95,85,95
467,1,ブーバーン,,ほのお,,ほのおのからだ,,やるき,75,95,67,125,95,83
468,1,トゲキッス,,フェアリー,ひこう,はりきり, てんのめぐみ,きょううん,85,50,95,120,115,80
469,1,メガヤンマ,,むし,ひこう,かそく, いろめがね,おみとおし,86,76,86,116,56,95
470,1,リーフィア,,くさ,,リーフガード,,ようりょくそ,65,110,130,60,65,95
471,1,グレイシア,,こおり,,ゆきがくれ,,アイスボディ,65,60,110,130,95,65
472,1,グライオン,,じめん,ひこう,かいりきバサミ, すながくれ,ポイズンヒール,75,95,125,45,75,95
473,1,マンムー,,こおり,じめん,どんかん, ゆきがくれ,あついしぼう,110,130,80,70,60,80
474,1,ポリゴンＺ,,ノーマル,,てきおうりょく, ダウンロード,アナライズ,85,80,70,135,75,90
475,1,エルレイド,,エスパー,かくとう,ふくつのこころ,,せいぎのこころ,68,125,65,65,115,80
475,2,エルレイド,メガエルレイド,エスパー,かくとう,せいしんりょく,,,68,165,95,65,115,110
476,1,ダイノーズ,,いわ,はがね,がんじょう, じりょく,すなのちから,60,55,145,75,150,40
477,1,ヨノワール,,ゴースト,,プレッシャー,,おみとおし,45,100,135,65,135,45
478,1,ユキメノコ,,こおり,ゴースト,ゆきがくれ,,のろわれボディ,70,80,70,80,70,110
479,1,ロトム,プラズマロトム,でんき,ゴースト,ふゆう,,,50,50,77,95,77,91
479,2,ロトム,ヒートロトム,でんき,ほのお,ふゆう,,,50,65,107,105,107,86
479,3,ロトム,ウォッシュロトム,でんき,みず,ふゆう,,,50,65,107,105,107,86
479,4,ロトム,フロストロトム,でんき,こおり,ふゆう,,,50,65,107,105,107,86
479,5,ロトム,スピンロトム,でんき,ひこう,ふゆう,,,50,65,107,105,107,86
479,6,ロトム,カットロトム,でんき,くさ,ふゆう,,,50,65,107,105,107,86
480,1,ユクシー,,エスパー,,ふゆう,,,75,75,130,75,130,95
481,1,エムリット,,エスパー,,ふゆう,,,80,105,105,105,105,80
482,1,アグノム,,エスパー,,ふゆう,,,75,125,70,125,70,115
483,1,ディアルガ,,はがね,ドラゴン,プレッシャー,,テレパシー,100,120,120,150,100,90
483,2,ディアルガ,オリジンフォルム,はがね,ドラゴン,プレッシャー,,,100,100,120,150,120,90
484,1,パルキア,,みず,ドラゴン,プレッシャー,,テレパシー,90,120,100,150,120,100
484,2,パルキア,オリジンフォルム,みず,ドラゴン,プレッシャー,,,90,100,100,150,120,120
485,1,ヒードラン,,ほのお,はがね,もらいび,,ほのおのからだ,91,90,106,130,106,77
486,1,レジギガス,,ノーマル,,スロースタート,,,110,160,110,80,110,100
487,1,ギラティナ,アナザーフォルム,ゴースト,ドラゴン,プレッシャー,,テレパシー,150,100,120,100,120,90
487,2,ギラティナ,オリジンフォルム,ゴースト,ドラゴン,ふゆう,,,150,120,100,120,100,90
488,1,クレセリア,,エスパー,,ふゆう,,,120,70,120,75,130,85
489,1,フィオネ,,みず,,うるおいボディ,,,80,80,80,80,80,80
490,1,マナフィ,,みず,,うるおいボディ,,,100,100,100,100,100,100
491,1,ダークライ,,あく,,ナイトメア,,,70,90,90,135,90,125
492,1,シェイミ,ランドフォルム,くさ,,しぜんかいふく,,,100,100,100,100,100,100
492,2,シェイミ,スカイフォルム,くさ,ひこう,てんのめぐみ,,,100,103,75,120,75,127
493,1,アルセウス,,ノーマル,,マルチタイプ,,,120,120,120,120,120,120
494,1,ビクティニ,,エスパー,ほのお,しょうりのほし,,,100,100,100,100,100,100
495,1,ツタージャ,,くさ,,しんりょく,,あまのじゃく,45,45,55,45,55,63
496,1,ジャノビー,,くさ,,しんりょく,,あまのじゃく,60,60,75,60,75,83
497,1,ジャローダ,,くさ,,しんりょく,,あまのじゃく,75,75,95,75,95,113
498,1,ポカブ,,ほのお,,もうか,,あついしぼう,65,63,45,45,45,45
499,1,チャオブー,,ほのお,かくとう,もうか,,あついしぼう,90,93,55,70,55,55
500,1,エンブオー,,ほのお,かくとう,もうか,,すてみ,110,123,65,100,65,65
501,1,ミジュマル,,みず,,げきりゅう,,シェルアーマー,55,55,45,63,45,45
502,1,フタチマル,,みず,,げきりゅう,,シェルアーマー,75,75,60,83,60,60
503,1,ダイケンキ,,みず,,げきりゅう,,シェルアーマー,95,100,85,108,70,70
503,2,ダイケンキ,ヒスイのすがた,みず,あく,げきりゅう,,シェルアーマー,90,108,80,100,65,85
504,1,ミネズミ,,ノーマル,,にげあし, するどいめ,アナライズ,45,55,39,35,39,42
505,1,ミルホッグ,,ノーマル,,はっこう, するどいめ,アナライズ,60,85,69,60,69,77
506,1,ヨーテリー,,ノーマル,,やるき, ものひろい,にげあし,45,60,45,25,45,55
507,1,ハーデリア,,ノーマル,,いかく, すなかき,きもったま,65,80,65,35,65,60
508,1,ムーランド,,ノーマル,,いかく, すなかき,きもったま,85,110,90,45,90,80
509,1,チョロネコ,,あく,,じゅうなん, かるわざ,いたずらごころ,41,50,37,50,37,66
510,1,レパルダス,,あく,,じゅうなん, かるわざ,いたずらごころ,64,88,50,88,50,106
511,1,ヤナップ,,くさ,,くいしんぼう,,しんりょく,50,53,48,53,48,64
512,1,ヤナッキー,,くさ,,くいしんぼう,,しんりょく,75,98,63,98,63,101
513,1,バオップ,,ほのお,,くいしんぼう,,もうか,50,53,48,53,48,64
514,1,バオッキー,,ほのお,,くいしんぼう,,もうか,75,98,63,98,63,101
515,1,ヒヤップ,,みず,,くいしんぼう,,げきりゅう,50,53,48,53,48,64
516,1,ヒヤッキー,,みず,,くいしんぼう,,げきりゅう,75,98,63,98,63,101
517,1,ムンナ,,エスパー,,よちむ, シンクロ,テレパシー,76,25,45,67,55,24
518,1,ムシャーナ,,エスパー,,よちむ, シンクロ,テレパシー,116,55,85,107,95,29
519,1,マメパト,,ノーマル,ひこう,はとむね, きょううん,とうそうしん,50,55,50,36,30,43
520,1,ハトーボー,,ノーマル,ひこう,はとむね, きょううん,とうそうしん,62,77,62,50,42,65
521,1,ケンホロウ,,ノーマル,ひこう,はとむね, きょううん,とうそうしん,80,115,80,65,55,93
522,1,シママ,,でんき,,ひらいしん, でんきエンジン,そうしょく,45,60,32,50,32,76
523,1,ゼブライカ,,でんき,,ひらいしん, でんきエンジン,そうしょく,75,100,63,80,63,116
524,1,ダンゴロ,,いわ,,がんじょう, くだけるよろい,すなのちから,55,75,85,25,25,15
525,1,ガントル,,いわ,,がんじょう, くだけるよろい,すなのちから,70,105,105,50,40,20
526,1,ギガイアス,,いわ,,がんじょう, すなおこし,すなのちから,85,135,130,60,80,25
527,1,コロモリ,,エスパー,ひこう,てんねん, ぶきよう,たんじゅん,65,45,43,55,43,72
528,1,ココロモリ,,エスパー,ひこう,てんねん, ぶきよう,たんじゅん,67,57,55,77,55,114
529,1,モグリュー,,じめん,,すなかき, すなのちから,かたやぶり,60,85,40,30,45,68
530,1,ドリュウズ,,じめん,はがね,すなかき, すなのちから,かたやぶり,110,135,60,50,65,88
531,1,タブンネ,,ノーマル,,いやしのこころ, さいせいりょく,ぶきよう,103,60,86,60,86,50
531,2,メガタブンネ,,ノーマル,フェアリー,いやしのこころ,,,103,60,126,80,126,50
532,1,ドッコラー,,かくとう,,こんじょう, ちからずく,てつのこぶし,75,80,55,25,35,35
533,1,ドテッコツ,,かくとう,,こんじょう, ちからずく,てつのこぶし,85,105,85,40,50,40
534,1,ローブシン,,かくとう,,こんじょう, ちからずく,てつのこぶし,105,140,95,55,65,45
535,1,オタマロ,,みず,,すいすい, うるおいボディ,ちょすい,50,50,40,50,40,64
536,1,ガマガル,,みず,じめん,すいすい, うるおいボディ,ちょすい,75,65,55,65,55,69
537,1,ガマゲロゲ,,みず,じめん,すいすい, どくしゅ,ちょすい,105,95,75,85,75,74
538,1,ナゲキ,,かくとう,,こんじょう, せいしんりょく,かたやぶり,120,100,85,30,85,45
539,1,ダゲキ,,かくとう,,がんじょう, せいしんりょく,かたやぶり,75,125,75,30,75,85
540,1,クルミル,,むし,くさ,むしのしらせ, ようりょくそ,ぼうじん,45,53,70,40,60,42
541,1,クルマユ,,むし,くさ,リーフガード, ようりょくそ,ぼうじん,55,63,90,50,80,42
542,1,ハハコモリ,,むし,くさ,むしのしらせ, ようりょくそ,ぼうじん,75,103,80,70,80,92
543,1,フシデ,,むし,どく,どくのトゲ, むしのしらせ,かそく,30,45,59,30,39,57
544,1,ホイーガ,,むし,どく,どくのトゲ, むしのしらせ,かそく,40,55,99,40,79,47
545,1,ペンドラー,,むし,どく,どくのトゲ, むしのしらせ,かそく,60,100,89,55,69,112
546,1,モンメン,,くさ,フェアリー,いたずらごころ, すりぬけ,ようりょくそ,40,27,60,37,50,66
547,1,エルフーン,,くさ,フェアリー,いたずらごころ, すりぬけ,ようりょくそ,60,67,85,77,75,116
548,1,チュリネ,,くさ,,ようりょくそ, マイペース,リーフガード,45,35,50,70,50,30
549,1,ドレディア,,くさ,,ようりょくそ, マイペース,リーフガード,70,60,75,110,75,90
549,2,ドレディア,ヒスイのすがた,くさ,かくとう,ようりょくそ,はりきり,リーフガード,70,105,75,50,75,105
550,1,バスラオ,,みず,,すてみ, てきおうりょく,かたやぶり,70,92,65,80,55,98
551,1,メグロコ,,じめん,あく,いかく, じしんかじょう,いかりのつぼ,50,72,35,35,35,65
552,1,ワルビル,,じめん,あく,いかく, じしんかじょう,いかりのつぼ,60,82,45,45,45,74
553,1,ワルビアル,,じめん,あく,いかく, じしんかじょう,いかりのつぼ,95,117,80,65,70,92
554,1,ダルマッカ,,ほのお,,はりきり,,せいしんりょく,70,90,45,15,45,50
554,2,ダルマッカ,ガラルのすがた,こおり,,はりきり,,せいしんりょく,70,90,45,15,45,50
555,1,ヒヒダルマ,,ほのお,,ちからずく,,ダルマモード,105,140,55,30,55,95
555,2,ヒヒダルマ,ダルマモード,ほのお,エスパー,ちからずく,,ダルマモード,105,30,105,140,105,55
555,3,ヒヒダルマ,ガラルのすがた,こおり,,ごりむちゅう,,ダルマモード,105,140,55,30,55,95
555,4,ヒヒダルマ,ダルマ・ガラル,こおり,ほのお,ごりむちゅう,,ダルマモード,105,160,55,30,55,135
556,1,マラカッチ,,くさ,,ちょすい, ようりょくそ,よびみず,75,86,67,106,67,60
557,1,イシズマイ,,むし,いわ,がんじょう, シェルアーマー,くだけるよろい,50,65,85,35,35,55
558,1,イワパレス,,むし,いわ,がんじょう, シェルアーマー,くだけるよろい,70,105,125,65,75,45
559,1,ズルッグ,,あく,かくとう,だっぴ, じしんかじょう,いかく,50,75,70,35,70,48
560,1,ズルズキン,,あく,かくとう,だっぴ, じしんかじょう,いかく,65,90,115,45,115,58
561,1,シンボラー,,エスパー,ひこう,ミラクルスキン, マジックガード,いろめがね,72,58,80,103,80,97
562,1,デスマス,,ゴースト,,ミイラ,,,38,30,85,55,65,30
562,2,デスマス,ガラルのすがた,じめん,ゴースト,さまようたましい,,,38,55,85,30,65,30
563,1,デスカーン,,ゴースト,,ミイラ,,,58,50,145,95,105,30
564,1,プロトーガ,,みず,いわ,ハードロック, がんじょう,すいすい,54,78,103,53,45,22
565,1,アバゴーラ,,みず,いわ,ハードロック, がんじょう,すいすい,74,108,133,83,65,32
566,1,アーケン,,いわ,ひこう,よわき,,,55,112,45,74,45,70
567,1,アーケオス,,いわ,ひこう,よわき,,,75,140,65,112,65,110
568,1,ヤブクロン,,どく,,あくしゅう, ねんちゃく,ゆうばく,50,50,62,40,62,65
569,1,ダストダス,,どく,,あくしゅう, くだけるよろい,ゆうばく,80,95,82,60,82,75
570,1,ゾロア,,あく,,イリュージョン,,,40,65,40,80,40,65
570,2,ゾロア,ヒスイのすがた,ノーマル,ゴースト,イリュージョン,,,35,60,40,85,40,70
571,1,ゾロアーク,,あく,,イリュージョン,,,60,105,60,120,60,105
571,2,ゾロアーク,ヒスイのすがた,ノーマル,ゴースト,イリュージョン,,,55,100,60,125,60,110
572,1,チラーミィ,,ノーマル,,メロメロボディ, テクニシャン,スキルリンク,55,50,40,40,40,75
573,1,チラチーノ,,ノーマル,,メロメロボディ, テクニシャン,スキルリンク,75,95,60,65,60,115
574,1,ゴチム,,エスパー,,おみとおし, かちき,かげふみ,45,30,50,55,65,45
575,1,ゴチミル,,エスパー,,おみとおし, かちき,かげふみ,60,45,70,75,85,55
576,1,ゴチルゼル,,エスパー,,おみとおし, かちき,かげふみ,70,55,95,95,110,65
577,1,ユニラン,,エスパー,,ぼうじん, マジックガード,さいせいりょく,45,30,40,105,50,20
578,1,ダブラン,,エスパー,,ぼうじん, マジックガード,さいせいりょく,65,40,50,125,60,30
579,1,ランクルス,,エスパー,,ぼうじん, マジックガード,さいせいりょく,110,65,75,125,85,30
580,1,コアルヒー,,みず,ひこう,するどいめ, はとむね,うるおいボディ,62,44,50,44,50,55
581,1,スワンナ,,みず,ひこう,するどいめ, はとむね,うるおいボディ,75,87,63,87,63,98
582,1,バニプッチ,,こおり,,アイスボディ, ゆきがくれ,くだけるよろい,36,50,50,65,60,44
583,1,バニリッチ,,こおり,,アイスボディ, ゆきがくれ,くだけるよろい,51,65,65,80,75,59
584,1,バイバニラ,,こおり,,アイスボディ, ゆきふらし,くだけるよろい,71,95,85,110,95,79
585,1,シキジカ,,ノーマル,むし,ようりょくそ, そうしょく,てんのめぐみ,60,60,50,40,50,75
586,1,メブキジカ,,ノーマル,むし,ようりょくそ, そうしょく,てんのめぐみ,80,100,70,60,70,95
587,1,エモンガ,,でんき,ひこう,せいでんき,,でんきエンジン,55,75,60,75,60,103
588,1,カブルモ,,むし,,むしのしらせ, だっぴ,ノーガード,50,75,45,40,45,60
589,1,シュバルゴ,,むし,はがね,むしのしらせ, シェルアーマー,ぼうじん,70,135,105,60,105,20
590,1,タマゲタケ,,くさ,どく,ほうし,,さいせいりょく,69,55,45,55,55,15
591,1,モロバレル,,くさ,どく,ほうし,,さいせいりょく,114,85,70,85,80,30
592,1,プルリル,,みず,ゴースト,ちょすい, のろわれボディ,しめりけ,55,40,50,65,85,40
593,1,ブルンゲル,,みず,ゴースト,ちょすい, のろわれボディ,しめりけ,100,60,70,85,105,60
594,1,ママンボウ,,みず,,いやしのこころ, うるおいボディ,さいせいりょく,165,75,80,40,45,65
595,1,バチュル,,むし,でんき,ふくがん, きんちょうかん,むしのしらせ,50,47,50,57,50,65
596,1,デンチュラ,,むし,でんき,ふくがん, きんちょうかん,むしのしらせ,70,77,60,97,60,108
597,1,テッシード,,くさ,はがね,てつのトゲ,,てつのトゲ,44,50,91,24,86,10
598,1,ナットレイ,,くさ,はがね,てつのトゲ,,きけんよち,74,94,131,54,116,20
599,1,ギアル,,はがね,,プラス, マイナス,クリアボディ,40,55,70,45,60,30
600,1,ギギアル,,はがね,,プラス, マイナス,クリアボディ,60,80,95,70,85,50
601,1,ギギギアル,,はがね,,プラス, マイナス,クリアボディ,60,100,115,70,85,90
602,1,シビシラス,,でんき,,ふゆう,,,35,55,40,45,40,60
603,1,シビビール,,でんき,,ふゆう,,,65,85,70,75,70,40
604,1,シビルドン,,でんき,,ふゆう,,,85,115,80,105,80,50
605,1,リグレー,,エスパー,,テレパシー, シンクロ,アナライズ,55,55,55,85,55,30
606,1,オーベム,,エスパー,,テレパシー, シンクロ,アナライズ,75,75,75,125,95,40
607,1,ヒトモシ,,ゴースト,ほのお,もらいび, ほのおのからだ,すりぬけ,50,30,55,65,55,20
608,1,ランプラー,,ゴースト,ほのお,もらいび, ほのおのからだ,すりぬけ,60,40,60,95,60,55
609,1,シャンデラ,,ゴースト,ほのお,もらいび, ほのおのからだ,すりぬけ,60,55,90,145,90,80
610,1,キバゴ,,ドラゴン,,とうそうしん, かたやぶり,きんちょうかん,46,87,60,30,40,57
611,1,オノンド,,ドラゴン,,とうそうしん, かたやぶり,きんちょうかん,66,117,70,40,50,67
612,1,オノノクス,,ドラゴン,,とうそうしん, かたやぶり,きんちょうかん,76,147,90,60,70,97
613,1,クマシュン,,こおり,,ゆきがくれ, ゆきかき,びびり,55,70,40,60,40,40
614,1,ツンベアー,,こおり,,ゆきがくれ, ゆきかき,びびり,95,130,80,70,80,50
615,1,フリージオ,,こおり,,ふゆう,,,80,50,50,95,135,105
616,1,チョボマキ,,むし,,うるおいボディ, シェルアーマー,ぼうじん,50,40,85,40,65,25
617,1,アギルダー,,むし,,うるおいボディ, ねんちゃく,かるわざ,80,70,40,100,60,145
618,1,マッギョ,,じめん,でんき,せいでんき, じゅうなん,すながくれ,109,66,84,81,99,32
618,2,マッギョ,ガラルのすがた,じめん,はがね,ぎたい,,,109,81,99,66,84,32
619,1,コジョフー,,かくとう,,せいしんりょく, さいせいりょく,すてみ,45,85,50,55,50,65
620,1,コジョンド,,かくとう,,せいしんりょく, さいせいりょく,すてみ,65,125,60,95,60,105
621,1,クリムガン,,ドラゴン,,さめはだ, ちからずく,かたやぶり,77,120,90,60,90,48
622,1,ゴビット,,じめん,ゴースト,てつのこぶし, ぶきよう,ノーガード,59,74,50,35,50,35
623,1,ゴルーグ,,じめん,ゴースト,てつのこぶし, ぶきよう,ノーガード,89,124,80,55,80,55
624,1,コマタナ,,あく,はがね,まけんき, せいしんりょく,プレッシャー,45,85,70,40,40,60
625,1,キリキザン,,あく,はがね,まけんき, せいしんりょく,プレッシャー,65,125,100,60,70,70
626,1,バッフロン,,ノーマル,,すてみ, そうしょく,ぼうおん,95,110,95,40,95,55
627,1,ワシボン,,ノーマル,ひこう,するどいめ, ちからずく,はりきり,70,83,50,37,50,60
628,1,ウォーグル,,ノーマル,ひこう,するどいめ, ちからずく,まけんき,100,123,75,57,75,80
628,2,ウォーグル,ヒスイのすがた,エスパー,ひこう,するどいめ,ちからずく,まけんき,110,83,70,112,70,65
629,1,バルチャイ,,あく,ひこう,はとむね, ぼうじん,くだけるよろい,70,55,75,45,65,60
630,1,バルジーナ,,あく,ひこう,はとむね, ぼうじん,くだけるよろい,110,65,105,55,95,80
631,1,クイタラン,,ほのお,,くいしんぼう, もらいび,しろいけむり,85,97,66,105,66,65
632,1,アイアント,,むし,はがね,むしのしらせ, はりきり,なまけ,58,109,112,48,48,109
633,1,モノズ,,あく,ドラゴン,はりきり,,,52,65,50,45,50,38
634,1,ジヘッド,,あく,ドラゴン,はりきり,,,72,85,70,65,70,58
635,1,サザンドラ,,あく,ドラゴン,ふゆう,,,92,105,90,125,90,98
636,1,メラルバ,,むし,ほのお,ほのおのからだ,,むしのしらせ,55,85,55,50,55,60
637,1,ウルガモス,,むし,ほのお,ほのおのからだ,,むしのしらせ,85,60,65,135,105,100
638,1,コバルオン,,はがね,かくとう,せいぎのこころ,,,91,90,129,90,72,108
639,1,テラキオン,,いわ,かくとう,せいぎのこころ,,,91,129,90,72,90,108
640,1,ビリジオン,,くさ,かくとう,せいぎのこころ,,,91,90,72,90,129,108
641,1,トルネロス,けしんフォルム,ひこう,,いたずらごころ,,まけんき,79,115,70,125,80,111
641,2,トルネロス,れいじゅうフォルム,ひこう,,さいせいりょく,,,79,100,80,110,90,121
642,1,ボルトロス,けしんフォルム,でんき,ひこう,いたずらごころ,,まけんき,79,115,70,125,80,111
642,2,ボルトロス,れいじゅうフォルム,でんき,ひこう,ちくでん,,,79,105,70,145,80,101
643,1,レシラム,,ドラゴン,ほのお,ターボブレイズ,,,100,120,100,150,120,90
644,1,ゼクロム,,ドラゴン,でんき,テラボルテージ,,,100,150,120,120,100,90
645,1,ランドロス,けしんフォルム,じめん,ひこう,すなのちから,,ちからずく,89,125,90,115,80,101
645,2,ランドロス,れいじゅうフォルム,じめん,ひこう,いかく,,,89,145,90,105,80,91
646,1,キュレム,,ドラゴン,こおり,プレッシャー,,,125,130,90,130,90,95
646,2,キュレム,ブラックキュレム,ドラゴン,こおり,テラボルテージ,,,125,170,100,120,90,95
646,3,キュレム,ホワイトキュレム,ドラゴン,こおり,ターボブレイズ,,,125,120,90,170,100,95
647,1,ケルディオ,いつものすがた,みず,かくとう,せいぎのこころ,,,91,72,90,129,90,108
647,2,ケルディオ,かくごのすがた,みず,かくとう,せいぎのこころ,,,91,72,90,129,90,108
648,1,メロエッタ,ボイスフォルム,ノーマル,エスパー,てんのめぐみ,,,100,77,77,128,128,90
648,2,メロエッタ,ステップフォルム,ノーマル,かくとう,てんのめぐみ,,,100,128,90,77,77,128
649,1,ゲノセクト,,むし,はがね,ダウンロード,,,71,120,95,120,95,99
650,1,ハリマロン,,くさ,,しんりょく,,ぼうだん,56,61,65,48,45,38
651,1,ハリボーグ,,くさ,,しんりょく,,ぼうだん,61,78,95,56,58,57
652,1,ブリガロン,,くさ,かくとう,しんりょく,,ぼうだん,88,107,122,74,75,64
653,1,フォッコ,,ほのお,,もうか,,マジシャン,40,45,40,62,60,60
654,1,テールナー,,ほのお,,もうか,,マジシャン,59,59,58,90,70,73
655,1,マフォクシー,,ほのお,エスパー,もうか,,マジシャン,75,69,72,114,100,104
656,1,ケロマツ,,みず,,げきりゅう,,へんげんじざい,41,56,40,62,44,71
657,1,ゲコガシラ,,みず,,げきりゅう,,へんげんじざい,54,63,52,83,56,97
658,1,ゲッコウガ,,みず,あく,げきりゅう,,へんげんじざい,72,95,67,103,71,122
659,1,ホルビー,,ノーマル,,ものひろい, ほおぶくろ,ちからもち,38,36,38,32,36,57
660,1,ホルード,,ノーマル,じめん,ものひろい, ほおぶくろ,ちからもち,85,56,77,50,77,78
661,1,ヤヤコマ,,ノーマル,ひこう,はとむね,,はやてのつばさ,45,50,43,40,38,62
662,1,ヒノヤコマ,,ほのお,ひこう,ほのおのからだ,,はやてのつばさ,62,73,55,56,52,84
663,1,ファイアロー,,ほのお,ひこう,ほのおのからだ,,はやてのつばさ,78,81,71,74,69,126
664,1,コフキムシ,,むし,,りんぷん, ふくがん,フレンドガード,38,35,40,27,25,35
665,1,コフーライ,,むし,,だっぴ,,フレンドガード,45,22,60,27,30,29
666,1,ビビヨン,,むし,ひこう,りんぷん, ふくがん,フレンドガード,80,52,50,90,50,89
667,1,シシコ,,ほのお,ノーマル,とうそうしん, きんちょうかん,じしんかじょう,62,50,58,73,54,72
668,1,カエンジシ,,ほのお,ノーマル,とうそうしん, きんちょうかん,じしんかじょう,86,68,72,109,66,106
669,1,フラベベ,,フェアリー,,フラワーベール,,きょうせい,44,38,39,61,79,42
670,1,フラエッテ,,フェアリー,,フラワーベール,,きょうせい,54,45,47,75,98,52
670,2,フラエッテ,えいえんのはな,フェアリー,,フラワーベール,,きょうせい,74,65,67,125,128,92
671,1,フラージェス,,フェアリー,,フラワーベール,,きょうせい,78,65,68,112,154,75
672,1,メェークル,,くさ,,そうしょく,,くさのけがわ,66,65,48,62,57,52
673,1,ゴーゴート,,くさ,,そうしょく,,くさのけがわ,123,100,62,97,81,68
674,1,ヤンチャム,,かくとう,,てつのこぶし, かたやぶり,きもったま,67,82,62,46,48,43
675,1,ゴロンダ,,かくとう,あく,てつのこぶし, かたやぶり,きもったま,95,124,78,69,71,58
676,1,トリミアン,,ノーマル,,ファーコート,,,75,80,60,65,90,102
677,1,ニャスパー,,エスパー,,するどいめ, すりぬけ,マイペース,62,48,54,63,60,68
678,1,ニャオニクス,ニャオニクス♂,エスパー,,するどいめ, すりぬけ,いたずらごころ,74,48,76,83,81,104
678,2,ニャオニクス,ニャオニクス♀,エスパー,,するどいめ, すりぬけ,かちき,74,48,76,83,81,104
679,1,ヒトツキ,,はがね,ゴースト,ノーガード,,,45,80,100,35,37,28
680,1,ニダンギル,,はがね,ゴースト,ノーガード,,,59,110,150,45,49,35
681,1,ギルガルド,シールドフォルム,はがね,ゴースト,バトルスイッチ,,,60,50,150,50,150,60
681,2,ギルガルド,ブレードフォルム,はがね,ゴースト,バトルスイッチ,,,60,150,50,150,50,60
682,1,シュシュプ,,フェアリー,,いやしのこころ,,アロマベール,78,52,60,63,65,23
683,1,フレフワン,,フェアリー,,いやしのこころ,,アロマベール,101,72,72,99,89,29
684,1,ペロッパフ,,フェアリー,,スイートベール,,かるわざ,62,48,66,59,57,49
685,1,ペロリーム,,フェアリー,,スイートベール,,かるわざ,82,80,86,85,75,72
686,1,マーイーカ,,あく,エスパー,あまのじゃく, きゅうばん,すりぬけ,53,54,53,37,46,45
687,1,カラマネロ,,あく,エスパー,あまのじゃく, きゅうばん,すりぬけ,86,92,88,68,75,73
688,1,カメテテ,,いわ,みず,かたいツメ, スナイパー,わるいてぐせ,42,52,67,39,56,50
689,1,ガメノデス,,いわ,みず,かたいツメ, スナイパー,わるいてぐせ,72,105,115,54,86,68
690,1,クズモー,,どく,みず,どくのトゲ, どくしゅ,てきおうりょく,50,60,60,60,60,30
691,1,ドラミドロ,,どく,ドラゴン,どくのトゲ, どくしゅ,てきおうりょく,65,75,90,97,123,44
692,1,ウデッポウ,,みず,,メガランチャー,,,50,53,62,58,63,44
693,1,ブロスター,,みず,,メガランチャー,,,71,73,88,120,89,59
694,1,エリキテル,,でんき,ノーマル,かんそうはだ, すながくれ,サンパワー,44,38,33,61,43,70
695,1,エレザード,,でんき,ノーマル,かんそうはだ, すながくれ,サンパワー,62,55,52,109,94,109
696,1,チゴラス,,いわ,ドラゴン,がんじょうあご,,がんじょう,58,89,77,45,45,48
697,1,ガチゴラス,,いわ,ドラゴン,がんじょうあご,,いしあたま,82,121,119,69,59,71
698,1,アマルス,,いわ,こおり,フリーズスキン,,ゆきふらし,77,59,50,67,63,46
699,1,アマルルガ,,いわ,こおり,フリーズスキン,,ゆきふらし,123,77,72,99,92,58
700,1,ニンフィア,,フェアリー,,メロメロボディ,,フェアリースキン,95,65,65,110,130,60
701,1,ルチャブル,,かくとう,ひこう,じゅうなん, かるわざ,かたやぶり,78,92,75,74,63,118
702,1,デデンネ,,でんき,フェアリー,ほおぶくろ, ものひろい,プラス,67,58,57,81,67,101
703,1,メレシー,,いわ,フェアリー,クリアボディ,,がんじょう,50,50,150,50,150,50
704,1,ヌメラ,,ドラゴン,,そうしょく, うるおいボディ,ぬめぬめ,45,50,35,55,75,40
705,1,ヌメイル,,ドラゴン,,そうしょく, うるおいボディ,ぬめぬめ,68,75,53,83,113,60
705,2,ヌメイル,ヒスイのすがた,ドラゴン,はがね,そうしょく,ぼうじん,ぬめぬめ,58,75,83,83,113,40
706,1,ヌメルゴン,,ドラゴン,,そうしょく, うるおいボディ,ぬめぬめ,90,100,70,110,150,80
706,2,ヌメルゴン,ヒスイのすがた,ドラゴン,はがね,そうしょく,ぼうじん,ぬめぬめ,80,100,100,110,150,60
707,1,クレッフィ,,はがね,フェアリー,いたずらごころ,,マジシャン,57,80,91,80,87,75
708,1,ボクレー,,ゴースト,くさ,しぜんかいふく, おみとおし,しゅうかく,43,70,48,50,60,38
709,1,オーロット,,ゴースト,くさ,しぜんかいふく, おみとおし,しゅうかく,85,110,76,65,82,56
710,1,バケッチャ,ふつうのサイズ,ゴースト,くさ,ものひろい, おみとおし,ふみん,49,66,70,44,55,51
710,2,バケッチャ,ちいさいサイズ,ゴースト,くさ,ものひろい, おみとおし,ふみん,44,66,70,44,55,56
710,3,バケッチャ,おおきいサイズ,ゴースト,くさ,ものひろい, おみとおし,ふみん,54,66,70,44,55,46
710,4,バケッチャ,とくだいサイズ,ゴースト,くさ,ものひろい, おみとおし,ふみん,59,66,70,44,55,41
711,1,パンプジン,ふつうのサイズ,ゴースト,くさ,ものひろい, おみとおし,ふみん,65,90,122,58,75,84
711,2,パンプジン,ちいさいサイズ,ゴースト,くさ,ものひろい, おみとおし,ふみん,55,85,122,58,75,99
711,3,パンプジン,おおきいサイズ,ゴースト,くさ,ものひろい, おみとおし,ふみん,75,95,122,58,75,69
711,4,パンプジン,とくだいサイズ,ゴースト,くさ,ものひろい, おみとおし,ふみん,85,100,122,58,75,54
712,1,カチコール,,こおり,,マイペース, アイスボディ,がんじょう,55,69,85,32,35,28
713,1,クレベース,,こおり,,マイペース, アイスボディ,がんじょう,95,117,184,44,46,28
713,2,クレベース,ヒスイのすがた,こおり,いわ,がんじょうあご,アイスボディ,がんじょう,95,127,184,34,36,38
714,1,オンバット,,ひこう,ドラゴン,おみとおし, すりぬけ,テレパシー,40,30,35,45,40,55
715,1,オンバーン,,ひこう,ドラゴン,おみとおし, すりぬけ,テレパシー,85,70,80,97,80,123
716,1,ゼルネアス,,フェアリー,,フェアリーオーラ,,,126,131,95,131,98,99
717,1,イベルタル,,あく,ひこう,ダークオーラ,,,126,131,95,131,98,99
718,1,ジガルデ,10%フォルム,ドラゴン,じめん,オーラブレイク, スワームチェンジ,,54,100,71,61,85,115
718,2,ジガルデ,50%フォルム,ドラゴン,じめん,オーラブレイク, スワームチェンジ,,108,100,121,81,95,95
718,3,ジガルデ,パーフェクトフォルム,ドラゴン,じめん,スワームチェンジ,,,216,100,121,91,95,85
719,1,ディアンシー,,いわ,フェアリー,クリアボディ,,,50,100,150,100,150,50
719,2,ディアンシー,メガディアンシー,いわ,フェアリー,マジックミラー,,,50,160,110,160,110,110
720,1,フーパ,いましめられしフーパ,エスパー,ゴースト,マジシャン,,,80,110,60,150,130,70
720,2,フーパ,ときはなたれしフーパ,エスパー,あく,マジシャン,,,80,160,60,170,130,80
721,1,ボルケニオン,,ほのお,みず,ちょすい,,,80,110,120,130,90,70
722,1,モクロー,,くさ,ひこう,しんりょく,,えんかく,68,55,55,50,50,42
723,1,フクスロー,,くさ,ひこう,しんりょく,,えんかく,78,75,75,70,70,52
724,1,ジュナイパー,,くさ,ゴースト,しんりょく,,えんかく,78,107,75,100,100,70
724,2,ジュナイパー,ヒスイのすがた,くさ,かくとう,しんりょく,,えんかく,88,112,80,95,95,60
725,1,ニャビー,,ほのお,,もうか,,いかく,45,65,40,60,40,70
726,1,ニャヒート,,ほのお,,もうか,,いかく,65,85,50,80,50,90
727,1,ガオガエン,,ほのお,あく,もうか,,いかく,95,115,90,80,90,60
728,1,アシマリ,,みず,,げきりゅう,,うるおいボイス,50,54,54,66,56,40
729,1,オシャマリ,,みず,,げきりゅう,,うるおいボイス,60,69,69,91,81,50
730,1,アシレーヌ,,みず,フェアリー,げきりゅう,,うるおいボイス,80,74,74,126,116,60
731,1,ツツケラ,,ノーマル,ひこう,するどいめ, スキルリンク,ものひろい,35,75,30,30,30,65
732,1,ケララッパ,,ノーマル,ひこう,するどいめ, スキルリンク,ものひろい,55,85,50,40,50,75
733,1,ドデカバシ,,ノーマル,ひこう,するどいめ, スキルリンク,ちからずく,80,120,75,75,75,60
734,1,ヤングース,,ノーマル,,はりこみ, がんじょうあご,てきおうりょく,48,70,30,30,30,45
735,1,デカグース,,ノーマル,,はりこみ, がんじょうあご,てきおうりょく,88,110,60,55,60,45
736,1,アゴジムシ,,むし,,むしのしらせ,,,47,62,45,55,45,46
737,1,デンヂムシ,,むし,でんき,バッテリー,,,57,82,95,55,75,36
738,1,クワガノン,,むし,でんき,ふゆう,,,77,70,90,145,75,43
739,1,マケンカニ,,かくとう,,かいりきバサミ, てつのこぶし,いかりのつぼ,47,82,57,42,47,63
740,1,ケケンカニ,,かくとう,こおり,かいりきバサミ, てつのこぶし,いかりのつぼ,97,132,77,62,67,43
741,1,オドリドリ,,ほのお,ひこう,おどりこ,,,75,70,70,98,70,93
742,1,アブリー,,むし,フェアリー,みつあつめ, りんぷん,スイートベール,40,45,40,55,40,84
743,1,アブリボン,,むし,フェアリー,みつあつめ, りんぷん,スイートベール,60,55,60,95,70,124
744,1,イワンコ,,いわ,,するどいめ, やるき,ふくつのこころ,45,65,40,30,40,60
745,1,ルガルガン,まひるのすがた,いわ,,するどいめ, すなかき,ふくつのこころ,75,115,65,55,65,112
745,2,ルガルガン,まよなかのすがた,いわ,,するどいめ, やるき,ノーガード,85,115,75,55,75,82
746,1,ヨワシ,たんどくのすがた,みず,,ぎょぐん,,ぎょぐん,45,20,20,25,25,40
746,2,ヨワシ,むれたすがた,みず,,ぎょぐん,,ぎょぐん,45,140,130,140,135,30
747,1,ヒドイデ,,どく,みず,ひとでなし, じゅうなん,さいせいりょく,50,53,62,43,52,45
748,1,ドヒドイデ,,どく,みず,ひとでなし, じゅうなん,さいせいりょく,50,63,152,53,142,35
749,1,ドロバンコ,,じめん,,マイペース, じきゅうりょく,せいしんりょく,70,100,70,45,55,45
750,1,バンバドロ,,じめん,,マイペース, じきゅうりょく,せいしんりょく,100,125,100,55,85,35
751,1,シズクモ,,みず,むし,すいほう,,ちょすい,38,40,52,40,72,27
752,1,オニシズクモ,,みず,むし,すいほう,,ちょすい,68,70,92,50,132,42
753,1,カリキリ,,くさ,,リーフガード,,あまのじゃく,40,55,35,50,35,35
754,1,ラランテス,,くさ,,リーフガード,,あまのじゃく,70,105,90,80,90,45
755,1,ネマシュ,,くさ,フェアリー,はっこう, ほうし,あめうけざら,40,35,55,65,75,15
756,1,マシェード,,くさ,フェアリー,はっこう, ほうし,あめうけざら,60,45,80,90,100,30
757,1,ヤトウモリ,,どく,ほのお,ふしょく,,どんかん,48,44,40,71,40,77
758,1,エンニュート,,どく,ほのお,ふしょく,,どんかん,68,64,60,111,60,117
759,1,ヌイコグマ,,ノーマル,かくとう,もふもふ, ぶきよう,メロメロボディ,70,75,50,45,50,50
760,1,キテルグマ,,ノーマル,かくとう,もふもふ, ぶきよう,きんちょうかん,120,125,80,55,60,60
761,1,アマカジ,,くさ,,リーフガード, どんかん,スイートベール,42,30,38,30,38,32
762,1,アママイコ,,くさ,,リーフガード, どんかん,スイートベール,52,40,48,40,48,62
763,1,アマージョ,,くさ,,リーフガード, じょうおうのいげん,スイートベール,72,120,98,50,98,72
764,1,キュワワー,,フェアリー,,フラワーベール, ヒーリングシフト,しぜんかいふく,51,52,90,82,110,100
765,1,ヤレユータン,,ノーマル,エスパー,せいしんりょく, テレパシー,きょうせい,90,60,80,90,110,60
766,1,ナゲツケサル,,かくとう,,レシーバー,,まけんき,100,120,90,40,60,80
767,1,コソクムシ,,むし,みず,にげごし,,,25,35,40,20,30,80
768,1,グソクムシャ,,むし,みず,ききかいひ,,,75,125,140,60,90,40
769,1,スナバァ,,ゴースト,じめん,みずがため,,すながくれ,55,55,80,70,45,15
770,1,シロデスナ,,ゴースト,じめん,みずがため,,すながくれ,85,75,110,100,75,35
771,1,ナマコブシ,,みず,,とびだすなかみ,,てんねん,55,60,130,30,130,5
772,1,タイプ：ヌル,,ノーマル,,カブトアーマー,,,95,95,95,95,95,59
773,1,シルヴァディ,,ノーマル,,ARシステム,,,95,95,95,95,95,95
774,1,メテノ,りゅうせいのすがた,いわ,ひこう,リミットシールド,,,60,60,100,60,100,60
774,2,メテノ,コア,いわ,ひこう,リミットシールド,,,60,100,60,100,60,120
775,1,ネッコアラ,,ノーマル,,ぜったいねむり,,,65,115,65,75,95,65
776,1,バクガメス,,ほのお,ドラゴン,シェルアーマー,,,60,78,135,91,85,36
777,1,トゲデマル,,でんき,はがね,てつのトゲ, ひらいしん,がんじょう,65,98,63,40,73,96
778,1,ミミッキュ,,ゴースト,フェアリー,ばけのかわ,,,55,90,80,50,105,96
779,1,ハギギシリ,,みず,エスパー,ビビッドボディ, がんじょうあご,ミラクルスキン,68,105,70,70,70,92
780,1,ジジーロン,,ノーマル,ドラゴン,ぎゃくじょう, そうしょく,ノーてんき,78,60,85,135,91,36
781,1,ダダリン,,ゴースト,くさ,はがねつかい,,,70,131,100,86,90,40
782,1,ジャラコ,,ドラゴン,,ぼうだん, ぼうおん,ぼうじん,45,55,65,45,45,45
783,1,ジャランゴ,,ドラゴン,かくとう,ぼうだん, ぼうおん,ぼうじん,55,75,90,65,70,65
784,1,ジャラランガ,,ドラゴン,かくとう,ぼうだん, ぼうおん,ぼうじん,75,110,125,100,105,85
785,1,カプ・コケコ,,でんき,フェアリー,エレキメイカー,,テレパシー,70,115,85,95,75,130
786,1,カプ・テテフ,,エスパー,フェアリー,サイコメイカー,,テレパシー,70,85,75,130,115,95
787,1,カプ・ブルル,,くさ,フェアリー,グラスメイカー,,テレパシー,70,130,115,85,95,75
788,1,カプ・レヒレ,,みず,フェアリー,ミストメイカー,,,70,75,115,95,130,85
789,1,コスモッグ,,エスパー,,てんねん,,,43,29,31,29,31,37
790,1,コスモウム,,エスパー,,がんじょう,,,43,29,131,29,131,37
791,1,ソルガレオ,,エスパー,はがね,メタルプロテクト,,,137,137,107,113,89,97
792,1,ルナアーラ,,エスパー,ゴースト,ファントムガード,,,137,113,89,137,107,97
793,1,ウツロイド,,いわ,どく,ビーストブースト,,,109,53,47,127,131,103
794,1,マッシブーン,,むし,かくとう,ビーストブースト,,,107,139,139,53,53,79
795,1,フェローチェ,,むし,かくとう,ビーストブースト,,,71,137,37,137,37,151
796,1,デンジュモク,,でんき,,ビーストブースト,,,83,89,71,173,71,83
797,1,テッカグヤ,,はがね,ひこう,ビーストブースト,,,97,101,103,107,101,61
798,1,カミツルギ,,くさ,はがね,ビーストブースト,,,59,181,131,59,31,109
799,1,アクジキング,,あく,ドラゴン,ビーストブースト,,,223,101,53,97,53,43
800,1,ネクロズマ,,エスパー,,プリズムアーマー,,,97,107,101,127,89,79
801,1,マギアナ,,はがね,フェアリー,ソウルハート,,,80,95,115,130,115,65
802,1,マーシャドー,,かくとう,ゴースト,テクニシャン,,,90,125,80,90,90,125
803,1,ベベノム,,どく,,ビーストブースト,,,67,73,67,73,67,73
804,1,アーゴヨン,,どく,ドラゴン,ビーストブースト,,,73,73,73,127,73,121
805,1,ツンデツンデ,,いわ,はがね,ビーストブースト,,,61,131,211,53,101,13
806,1,ズガドーン,,ほのお,ゴースト,ビーストブースト,,,53,127,53,151,79,107
807,1,ゼラオラ,,でんき,,ちくでん,,,88,112,75,102,80,143
808,1,メルタン,,はがね,,じりょく,,,46,65,65,55,35,34
809,1,メルメタル,,はがね,,てつのこぶし,,,135,143,143,80,65,34
810,1,サルノリ,,くさ,,しんりょく,,グラススライダー,50,65,50,40,40,65
811,1,バチンキー,,くさ,,しんりょく,,グラススライダー,70,85,70,55,60,80
812,1,ゴリランダー,,くさ,,しんりょく,,グラススライダー,100,125,90,60,70,85
813,1,ヒバニー,,ほのお,,もうか,,リベロ,50,71,40,40,40,69
814,1,ラビフット,,ほのお,,もうか,,リベロ,65,86,60,55,60,94
815,1,エースバーン,,ほのお,,もうか,,リベロ,80,116,75,65,75,119
816,1,メッソン,,みず,,げきりゅう,,スナイパー,50,40,40,70,40,70
817,1,ジメレオン,,みず,,げきりゅう,,スナイパー,65,60,55,95,55,90
818,1,インテレオン,,みず,,げきりゅう,,スナイパー,70,85,65,125,65,120
819,1,ホシガリス,,ノーマル,,ほおぶくろ,,くいしんぼう,70,55,55,35,35,25
820,1,ヨクバリス,,ノーマル,,ほおぶくろ,,くいしんぼう,120,95,95,55,75,20
821,1,ココガラ,,ひこう,,するどいめ,きんちょうかん,はとむね,38,47,35,33,35,57
822,1,アオガラス,,ひこう,,するどいめ,きんちょうかん,はとむね,68,67,55,43,55,77
823,1,アーマーガア,,ひこう,はがね,プレッシャー,きんちょうかん,ミラーアーマー,98,87,105,53,85,67
824,1,サッチムシ,,むし,,むしのしらせ,ふくがん,テレパシー,25,20,20,25,45,45
825,1,レドームシ,,むし,エスパー,むしのしらせ,ふくがん,テレパシー,50,35,80,50,90,30
826,1,イオルブ,,むし,エスパー,むしのしらせ,おみとおし,テレパシー,60,45,110,80,120,90
827,1,クスネ,,あく,,にげあし,かるわざ,はりこみ,40,28,28,47,52,50
828,1,フォクスライ,,あく,,にげあし,かるわざ,はりこみ,70,58,58,87,92,90
829,1,ヒメンカ,,くさ,,わたげ,さいせいりょく,ほうし,40,40,60,40,60,10
830,1,ワタシラガ,,くさ,,わたげ,さいせいりょく,ほうし,60,50,90,80,120,60
831,1,ウールー,,ノーマル,,もふもふ,にげあし,ぼうだん,42,40,55,40,45,48
832,1,バイウールー,,ノーマル,,もふもふ,ふくつのこころ,ぼうだん,72,80,100,60,90,88
833,1,カムカメ,,みず,,がんじょうあご,シェルアーマー,すいすい,50,64,50,38,38,44
834,1,カジリガメ,,みず,いわ,がんじょうあご,シェルアーマー,すいすい,90,115,90,48,68,74
835,1,ワンパチ,,でんき,,たまひろい,びびり,,59,45,50,40,50,26
836,1,パルスワン,,でんき,,がんじょうあご,かちき,,69,90,60,90,60,121
837,1,タンドン,,いわ,,じょうききかん,たいねつ,もらいび,30,40,50,40,50,30
838,1,トロッゴン,,いわ,ほのお,じょうききかん,ほのおのからだ,もらいび,80,60,90,60,70,50
839,1,セキタンザン,,いわ,ほのお,じょうききかん,ほのおのからだ,もらいび,110,80,120,80,90,30
840,1,カジッチュ,,くさ,ドラゴン,じゅくせい,くいしんぼう,ぼうだん,40,40,80,40,40,20
841,1,アップリュー,,くさ,ドラゴン,じゅくせい,くいしんぼう,はりきり,70,110,80,95,60,70
842,1,タルップル,,くさ,ドラゴン,じゅくせい,くいしんぼう,あついしぼう,110,85,80,100,80,30
843,1,スナヘビ,,じめん,,すなはき,だっぴ,すながくれ,52,57,75,35,50,46
844,1,サダイジャ,,じめん,,すなはき,だっぴ,すながくれ,72,107,125,65,70,71
845,1,ウッウ,,ひこう,みず,うのミサイル,,,70,85,55,85,95,85
846,1,サシカマス,,みず,,すいすい,,スクリューおびれ,41,63,40,40,30,66
847,1,カマスジョー,,みず,,すいすい,,スクリューおびれ,61,123,60,60,50,136
848,1,エレズン,,でんき,どく,びびり,せいでんき,ぶきよう,40,38,35,54,35,40
849,1,ストリンダー,ハイなすがた,でんき,どく,パンクロック,プラス,テクニシャン,75,98,70,114,70,75
849,2,ストリンダー,ローなすがた,でんき,どく,パンクロック,マイナス,テクニシャン,75,98,70,114,70,75
850,1,ヤクデ,,ほのお,むし,もらいび,しろいけむり,ほのおのからだ,50,65,45,50,50,45
851,1,マルヤクデ,,ほのお,むし,もらいび,しろいけむり,ほのおのからだ,100,115,65,90,90,65
852,1,タタッコ,,かくとう,,じゅうなん,,テクニシャン,50,68,60,50,50,32
853,1,オトスパス,,かくとう,,じゅうなん,,テクニシャン,"80	",118,90,70,80,42
854,1,ヤバチャ,,ゴースト,,くだけるよろい,,のろわれボディ,40,45,45,74,54,50
855,1,ポットデス,,ゴースト,,くだけるよろい,,のろわれボディ,60,65,65,134,114,70
856,1,ミブリム,,エスパー,,いやしのこころ,きけんよち,マジックミラー,42,30,45,56,53,39
857,1,テブリム,,エスパー,,いやしのこころ,きけんよち,マジックミラー,57,40,65,86,73,49
858,1,ブリムオン,,エスパー,フェアリー,いやしのこころ,きけんよち,マジックミラー,57,90,95,136,103,29
859,1,ベロバー,,あく,フェアリー,いたずらごころ,おみとおし,わるいてぐせ,45,45,30,55,40,50
860,1,ギモー,,あく,フェアリー,いたずらごころ,おみとおし,わるいてぐせ,65,60,45,75,55,70
861,1,オーロンゲ,,あく,フェアリー,いたずらごころ,おみとおし,わるいてぐせ,95,120,65,95,75,60
862,1,タチフサグマ,,あく,ノーマル,すてみ,こんじょう,まけんき,93,90,101,60,81,95
863,1,ニャイキング,,はがね,,カブトアーマー,かたいツメ,はがねのせいしん,70,110,100,50,60,50
864,1,サニゴーン,,ゴースト,,くだけるよろい,,ほろびのボディ,60,95,50,145,130,30
865,1,ネギガナイト,,かくとう,,ふくつのこころ,,きもったま,62,135,95,68,82,65
866,1,バリコオル,,こおり,エスパー,ちどりあし,バリアフリー,アイスボディ,80,85,75,110,100,70
867,1,デスバーン,,じめん,ゴースト,さまようたましい,,,58,95,145,50,105,30
868,1,マホミル,,フェアリー,,スイートベール,,アロマベール,45,40,40,50,61,34
869,1,マホイップ,,フェアリー,,スイートベール,,アロマベール,65,60,75,110,121,64
870,1,タイレーツ,,かくとう,,カブトアーマー,,まけんき,65,100,100,70,60,75
871,1,バチンウニ,,でんき,,ひらいしん,,エレキメイカー,48,101,95,91,85,15
872,1,ユキハミ,,こおり,むし,りんぷん,,こおりのりんぷん,30,25,35,45,30,20
873,1,モスノウ,,こおり,むし,りんぷん,,こおりのりんぷん,70,65,60,125,90,65
874,1,イシヘンジン,,いわ,,パワースポット,,,100,125,135,20,20,70
875,1,コオリッポ,アイスフェイス,こおり,,アイスフェイス,,,75,80,110,65,90,50
875,2,コオリッポ,,こおり,,アイスフェイス,,,75,80,70,65,50,130
876,1,イエッサン,イエッサン♂,エスパー,ノーマル,せいしんりょく,シンクロ,サイコメイカー,60,65,55,105,95,95
876,2,イエッサン,イエッサン♀,エスパー,ノーマル,マイペース,シンクロ,サイコメイカー,70,55,65,95,105,85
877,1,モルペコ,,でんき,あく,はらぺこスイッチ,,,58,95,58,70,58,97
878,1,ゾウドウ,,はがね,,ちからずく,,ヘヴィメタル,72,80,49,40,49,40
879,1,ダイオウドウ,,はがね,,ちからずく,,ヘヴィメタル,122,130,69,80,69,30
880,1,パッチラゴン,,でんき,ドラゴン,ちくでん,はりきり,すなかき,90,100,90,80,70,75
881,1,パッチルドン,,でんき,こおり,ちくでん,せいでんき,ゆきかき,90,100,90,90,80,55
882,1,ウオノラゴン,,みず,ドラゴン,ちょすい,がんじょうあご,すなかき,90,90,100,70,80,75
883,1,ウオチルドン,,みず,こおり,ちょすい,アイスボディ,ゆきかき,90,90,100,80,90,55
884,1,ジュラルドン,,はがね,ドラゴン,ライトメタル,ヘヴィメタル,すじがねいり,70,95,115,120,50,85
885,1,ドラメシヤ,,ドラゴン,ゴースト,クリアボディ,すりぬけ,のろわれボディ,28,60,30,40,30,82
886,1,ドロンチ,,ドラゴン,ゴースト,クリアボディ,すりぬけ,のろわれボディ,68,80,50,60,50,102
887,1,ドラパルト,,ドラゴン,ゴースト,クリアボディ,すりぬけ,のろわれボディ,88,120,75,100,75,142
888,1,ザシアン,,フェアリー,,ふとうのけん,,,92,130,115,80,115,138
888,2,ザシアン,けんのおう,フェアリー,はがね,ふとうのけん,,,92,170,115,80,115,148
889,1,ザマゼンタ,,かくとう,,ふくつのたて,,,92,130,115,80,115,138
889,2,ザマゼンタ,たてのおう,かくとう,はがね,ふくつのたて,,,92,130,145,80,145,128
890,1,ムゲンダイナ,,どく,ドラゴン,プレッシャー,,,140,85,95,145,95,130
890,2,ムゲンダイナ,ムゲンダイマックス,どく,ドラゴン,プレッシャー,,,255,115,250,125,250,130
891,1,ダクマ,,かくとう,,せいしんりょく,,,60,90,60,53,50,72
892,1,ウーラオス,いちげきのかた,かくとう,あく,ふかしのこぶし,,,100,130,100,63,60,97
892,2,ウーラオス,れんげきのかた,かくとう,みず,ふかしのこぶし,,,100,130,100,63,60,97
893,1,ザルード,,あく,くさ,リーフガード,,,105,120,105,70,95,105
894,1,レジエレキ,,でんき,,トランジスタ,,,80,100,50,100,50,200
895,1,レジドラゴ,,ドラゴン,,りゅうのあぎと,,,200,100,50,100,50,80
896,1,ブリザポス,,こおり,,しろのいななき,,,100,145,130,65,110,30
897,1,レイスポス,,ゴースト,,くろのいななき,,,100,65,60,145,80,130
898,1,バドレックス,,エスパー,くさ,きんちょうかん,,,100,80,80,80,80,80
898,2,バドレックス,はくばじょうのすがた,エスパー,こおり,じんばいったい,,,100,165,150,85,130,50
898,3,バドレックス,こくばじょうのすがた,エスパー,ゴースト,じんばいったい,,,100,85,80,165,100,150
899,1,アヤシシ,,ノーマル,エスパー,いかく,おみとおし,そうしょく,103,105,72,105,85,65
900,1,バサギリ,,むし,いわ,むしのしらせ,ちからずく,ふくつのこころ,70,135,95,45,70,85
901,1,ガチグマ,,じめん,ノーマル,こんじょう,ぼうだん,きんちょうかん,130,140,105,45,80,50
902,1,イダイトウ,オスのすがた,みず,ゴースト,びびり,てきおうりょく,かたやぶり,120,112,65,80,75,78
902,2,イダイトウ,メスのすがた,みず,ゴースト,びびり,てきおうりょく,かたやぶり,120,92,65,100,75,78
903,1,オオニューラ,,かくとう,どく,プレッシャー,,どくしゅ,80,130,60,40,80,120
904,1,ハリーマン,,あく,どく,どくのトゲ,すいすい,いかく,85,115,95,65,65,85
905,1,ラブトロス,けしんフォルム,フェアリー,ひこう,いやしのこころ,,あまのじゃく,74,115,70,135,80,106
905,2,ラブトロス,れいじゅうフォルム,フェアリー,ひこう,ぼうじん,,,74,115,110,135,100,46
800,2,ネクロズマ,日食,エスパー,はがね,プリズムアーマー,,,97, 157, 127, 113, 109, 77
800,3,ネクロズマ,月食,エスパー,ゴースト,プリズムアーマー,,,97, 113, 109, 157, 127, 77
